[0.181s] DEBUG:colcon:Command line arguments: ['/usr/bin/colcon', 'build', '--cmake-args', '-DBUILD_TESTING=OFF']
[0.181s] DEBUG:colcon:Parsed command line arguments: Namespace(log_base=None, log_level=None, verb_name='build', build_base='build', install_base='install', merge_install=False, symlink_install=False, test_result_base=None, continue_on_error=False, executor='parallel', parallel_workers=8, event_handlers=None, ignore_user_meta=False, metas=['./colcon.meta'], base_paths=['.'], packages_ignore=None, packages_ignore_regex=None, paths=None, packages_up_to=None, packages_up_to_regex=None, packages_above=None, packages_above_and_dependencies=None, packages_above_depth=None, packages_select_by_dep=None, packages_skip_by_dep=None, packages_skip_up_to=None, packages_select_build_failed=False, packages_skip_build_finished=False, packages_select_test_failures=False, packages_skip_test_passed=False, packages_select=None, packages_skip=None, packages_select_regex=None, packages_skip_regex=None, packages_start=None, packages_end=None, cmake_args=['-DBUILD_TESTING=OFF'], cmake_target=None, cmake_target_skip_unavailable=False, cmake_clean_cache=False, cmake_clean_first=False, cmake_force_configure=False, ament_cmake_args=None, catkin_cmake_args=None, catkin_skip_building_tests=False, verb_parser=<colcon_defaults.argument_parser.defaults.DefaultArgumentsDecorator object at 0xffffa00c9630>, verb_extension=<colcon_core.verb.build.BuildVerb object at 0xffffa00c90f0>, main=<bound method BuildVerb.main of <colcon_core.verb.build.BuildVerb object at 0xffffa00c90f0>>)
[0.246s] Level 1:colcon.colcon_core.package_discovery:discover_packages(colcon_meta) check parameters
[0.246s] Level 1:colcon.colcon_core.package_discovery:discover_packages(recursive) check parameters
[0.247s] Level 1:colcon.colcon_core.package_discovery:discover_packages(ignore) check parameters
[0.247s] Level 1:colcon.colcon_core.package_discovery:discover_packages(path) check parameters
[0.247s] Level 1:colcon.colcon_core.package_discovery:discover_packages(colcon_meta) discover
[0.247s] Level 1:colcon.colcon_core.package_discovery:discover_packages(recursive) discover
[0.247s] INFO:colcon.colcon_core.package_discovery:Crawling recursively for packages in '/num4_ws'
[0.247s] Level 1:colcon.colcon_core.package_identification:_identify(.) by extensions ['ignore', 'ignore_ament_install']
[0.247s] Level 1:colcon.colcon_core.package_identification:_identify(.) by extension 'ignore'
[0.247s] Level 1:colcon.colcon_core.package_identification:_identify(.) by extension 'ignore_ament_install'
[0.248s] Level 1:colcon.colcon_core.package_identification:_identify(.) by extensions ['colcon_pkg']
[0.248s] Level 1:colcon.colcon_core.package_identification:_identify(.) by extension 'colcon_pkg'
[0.248s] Level 1:colcon.colcon_core.package_identification:_identify(.) by extensions ['colcon_meta']
[0.248s] Level 1:colcon.colcon_core.package_identification:_identify(.) by extension 'colcon_meta'
[0.248s] Level 1:colcon.colcon_core.package_identification:_identify(.) by extensions ['ros']
[0.248s] Level 1:colcon.colcon_core.package_identification:_identify(.) by extension 'ros'
[0.273s] Level 1:colcon.colcon_core.package_identification:_identify(.) by extensions ['cmake', 'python']
[0.273s] Level 1:colcon.colcon_core.package_identification:_identify(.) by extension 'cmake'
[0.273s] Level 1:colcon.colcon_core.package_identification:_identify(.) by extension 'python'
[0.273s] Level 1:colcon.colcon_core.package_identification:_identify(.) by extensions ['python_setup_py']
[0.273s] Level 1:colcon.colcon_core.package_identification:_identify(.) by extension 'python_setup_py'
[0.273s] Level 1:colcon.colcon_core.package_identification:_identify(bin) by extensions ['ignore', 'ignore_ament_install']
[0.273s] Level 1:colcon.colcon_core.package_identification:_identify(bin) by extension 'ignore'
[0.274s] Level 1:colcon.colcon_core.package_identification:_identify(bin) by extension 'ignore_ament_install'
[0.274s] Level 1:colcon.colcon_core.package_identification:_identify(bin) by extensions ['colcon_pkg']
[0.274s] Level 1:colcon.colcon_core.package_identification:_identify(bin) by extension 'colcon_pkg'
[0.274s] Level 1:colcon.colcon_core.package_identification:_identify(bin) by extensions ['colcon_meta']
[0.274s] Level 1:colcon.colcon_core.package_identification:_identify(bin) by extension 'colcon_meta'
[0.274s] Level 1:colcon.colcon_core.package_identification:_identify(bin) by extensions ['ros']
[0.274s] Level 1:colcon.colcon_core.package_identification:_identify(bin) by extension 'ros'
[0.274s] Level 1:colcon.colcon_core.package_identification:_identify(bin) by extensions ['cmake', 'python']
[0.274s] Level 1:colcon.colcon_core.package_identification:_identify(bin) by extension 'cmake'
[0.274s] Level 1:colcon.colcon_core.package_identification:_identify(bin) by extension 'python'
[0.274s] Level 1:colcon.colcon_core.package_identification:_identify(bin) by extensions ['python_setup_py']
[0.274s] Level 1:colcon.colcon_core.package_identification:_identify(bin) by extension 'python_setup_py'
[0.275s] Level 1:colcon.colcon_core.package_identification:_identify(build) by extensions ['ignore', 'ignore_ament_install']
[0.275s] Level 1:colcon.colcon_core.package_identification:_identify(build) by extension 'ignore'
[0.275s] Level 1:colcon.colcon_core.package_identification:_identify(build) ignored
[0.275s] Level 1:colcon.colcon_core.package_identification:_identify(doc) by extensions ['ignore', 'ignore_ament_install']
[0.275s] Level 1:colcon.colcon_core.package_identification:_identify(doc) by extension 'ignore'
[0.275s] Level 1:colcon.colcon_core.package_identification:_identify(doc) by extension 'ignore_ament_install'
[0.275s] Level 1:colcon.colcon_core.package_identification:_identify(doc) by extensions ['colcon_pkg']
[0.275s] Level 1:colcon.colcon_core.package_identification:_identify(doc) by extension 'colcon_pkg'
[0.275s] Level 1:colcon.colcon_core.package_identification:_identify(doc) by extensions ['colcon_meta']
[0.276s] Level 1:colcon.colcon_core.package_identification:_identify(doc) by extension 'colcon_meta'
[0.276s] Level 1:colcon.colcon_core.package_identification:_identify(doc) by extensions ['ros']
[0.276s] Level 1:colcon.colcon_core.package_identification:_identify(doc) by extension 'ros'
[0.276s] Level 1:colcon.colcon_core.package_identification:_identify(doc) by extensions ['cmake', 'python']
[0.276s] Level 1:colcon.colcon_core.package_identification:_identify(doc) by extension 'cmake'
[0.276s] Level 1:colcon.colcon_core.package_identification:_identify(doc) by extension 'python'
[0.276s] Level 1:colcon.colcon_core.package_identification:_identify(doc) by extensions ['python_setup_py']
[0.276s] Level 1:colcon.colcon_core.package_identification:_identify(doc) by extension 'python_setup_py'
[0.276s] Level 1:colcon.colcon_core.package_identification:_identify(install) by extensions ['ignore', 'ignore_ament_install']
[0.276s] Level 1:colcon.colcon_core.package_identification:_identify(install) by extension 'ignore'
[0.276s] Level 1:colcon.colcon_core.package_identification:_identify(install) ignored
[0.277s] Level 1:colcon.colcon_core.package_identification:_identify(log) by extensions ['ignore', 'ignore_ament_install']
[0.277s] Level 1:colcon.colcon_core.package_identification:_identify(log) by extension 'ignore'
[0.277s] Level 1:colcon.colcon_core.package_identification:_identify(log) ignored
[0.277s] Level 1:colcon.colcon_core.package_identification:_identify(src) by extensions ['ignore', 'ignore_ament_install']
[0.277s] Level 1:colcon.colcon_core.package_identification:_identify(src) by extension 'ignore'
[0.277s] Level 1:colcon.colcon_core.package_identification:_identify(src) by extension 'ignore_ament_install'
[0.277s] Level 1:colcon.colcon_core.package_identification:_identify(src) by extensions ['colcon_pkg']
[0.277s] Level 1:colcon.colcon_core.package_identification:_identify(src) by extension 'colcon_pkg'
[0.277s] Level 1:colcon.colcon_core.package_identification:_identify(src) by extensions ['colcon_meta']
[0.278s] Level 1:colcon.colcon_core.package_identification:_identify(src) by extension 'colcon_meta'
[0.278s] Level 1:colcon.colcon_core.package_identification:_identify(src) by extensions ['ros']
[0.278s] Level 1:colcon.colcon_core.package_identification:_identify(src) by extension 'ros'
[0.278s] Level 1:colcon.colcon_core.package_identification:_identify(src) by extensions ['cmake', 'python']
[0.278s] Level 1:colcon.colcon_core.package_identification:_identify(src) by extension 'cmake'
[0.278s] Level 1:colcon.colcon_core.package_identification:_identify(src) by extension 'python'
[0.278s] Level 1:colcon.colcon_core.package_identification:_identify(src) by extensions ['python_setup_py']
[0.278s] Level 1:colcon.colcon_core.package_identification:_identify(src) by extension 'python_setup_py'
[0.278s] Level 1:colcon.colcon_core.package_identification:_identify(src/imu_tools) by extensions ['ignore', 'ignore_ament_install']
[0.278s] Level 1:colcon.colcon_core.package_identification:_identify(src/imu_tools) by extension 'ignore'
[0.278s] Level 1:colcon.colcon_core.package_identification:_identify(src/imu_tools) by extension 'ignore_ament_install'
[0.279s] Level 1:colcon.colcon_core.package_identification:_identify(src/imu_tools) by extensions ['colcon_pkg']
[0.279s] Level 1:colcon.colcon_core.package_identification:_identify(src/imu_tools) by extension 'colcon_pkg'
[0.279s] Level 1:colcon.colcon_core.package_identification:_identify(src/imu_tools) by extensions ['colcon_meta']
[0.279s] Level 1:colcon.colcon_core.package_identification:_identify(src/imu_tools) by extension 'colcon_meta'
[0.279s] Level 1:colcon.colcon_core.package_identification:_identify(src/imu_tools) by extensions ['ros']
[0.279s] Level 1:colcon.colcon_core.package_identification:_identify(src/imu_tools) by extension 'ros'
[0.279s] Level 1:colcon.colcon_core.package_identification:_identify(src/imu_tools) by extensions ['cmake', 'python']
[0.279s] Level 1:colcon.colcon_core.package_identification:_identify(src/imu_tools) by extension 'cmake'
[0.279s] Level 1:colcon.colcon_core.package_identification:_identify(src/imu_tools) by extension 'python'
[0.279s] Level 1:colcon.colcon_core.package_identification:_identify(src/imu_tools) by extensions ['python_setup_py']
[0.279s] Level 1:colcon.colcon_core.package_identification:_identify(src/imu_tools) by extension 'python_setup_py'
[0.279s] Level 1:colcon.colcon_core.package_identification:_identify(src/imu_tools/imu_complementary_filter) by extensions ['ignore', 'ignore_ament_install']
[0.280s] Level 1:colcon.colcon_core.package_identification:_identify(src/imu_tools/imu_complementary_filter) by extension 'ignore'
[0.280s] Level 1:colcon.colcon_core.package_identification:_identify(src/imu_tools/imu_complementary_filter) by extension 'ignore_ament_install'
[0.280s] Level 1:colcon.colcon_core.package_identification:_identify(src/imu_tools/imu_complementary_filter) by extensions ['colcon_pkg']
[0.280s] Level 1:colcon.colcon_core.package_identification:_identify(src/imu_tools/imu_complementary_filter) by extension 'colcon_pkg'
[0.280s] Level 1:colcon.colcon_core.package_identification:_identify(src/imu_tools/imu_complementary_filter) by extensions ['colcon_meta']
[0.280s] Level 1:colcon.colcon_core.package_identification:_identify(src/imu_tools/imu_complementary_filter) by extension 'colcon_meta'
[0.280s] Level 1:colcon.colcon_core.package_identification:_identify(src/imu_tools/imu_complementary_filter) by extensions ['ros']
[0.280s] Level 1:colcon.colcon_core.package_identification:_identify(src/imu_tools/imu_complementary_filter) by extension 'ros'
[0.284s] DEBUG:colcon.colcon_core.package_identification:Package 'src/imu_tools/imu_complementary_filter' with type 'ros.ament_cmake' and name 'imu_complementary_filter'
[0.284s] Level 1:colcon.colcon_core.package_identification:_identify(src/imu_tools/imu_filter_madgwick) by extensions ['ignore', 'ignore_ament_install']
[0.284s] Level 1:colcon.colcon_core.package_identification:_identify(src/imu_tools/imu_filter_madgwick) by extension 'ignore'
[0.284s] Level 1:colcon.colcon_core.package_identification:_identify(src/imu_tools/imu_filter_madgwick) by extension 'ignore_ament_install'
[0.284s] Level 1:colcon.colcon_core.package_identification:_identify(src/imu_tools/imu_filter_madgwick) by extensions ['colcon_pkg']
[0.285s] Level 1:colcon.colcon_core.package_identification:_identify(src/imu_tools/imu_filter_madgwick) by extension 'colcon_pkg'
[0.285s] Level 1:colcon.colcon_core.package_identification:_identify(src/imu_tools/imu_filter_madgwick) by extensions ['colcon_meta']
[0.285s] Level 1:colcon.colcon_core.package_identification:_identify(src/imu_tools/imu_filter_madgwick) by extension 'colcon_meta'
[0.285s] Level 1:colcon.colcon_core.package_identification:_identify(src/imu_tools/imu_filter_madgwick) by extensions ['ros']
[0.285s] Level 1:colcon.colcon_core.package_identification:_identify(src/imu_tools/imu_filter_madgwick) by extension 'ros'
[0.287s] DEBUG:colcon.colcon_core.package_identification:Package 'src/imu_tools/imu_filter_madgwick' with type 'ros.ament_cmake' and name 'imu_filter_madgwick'
[0.287s] Level 1:colcon.colcon_core.package_identification:_identify(src/imu_tools/imu_tools) by extensions ['ignore', 'ignore_ament_install']
[0.287s] Level 1:colcon.colcon_core.package_identification:_identify(src/imu_tools/imu_tools) by extension 'ignore'
[0.287s] Level 1:colcon.colcon_core.package_identification:_identify(src/imu_tools/imu_tools) by extension 'ignore_ament_install'
[0.288s] Level 1:colcon.colcon_core.package_identification:_identify(src/imu_tools/imu_tools) by extensions ['colcon_pkg']
[0.288s] Level 1:colcon.colcon_core.package_identification:_identify(src/imu_tools/imu_tools) by extension 'colcon_pkg'
[0.288s] Level 1:colcon.colcon_core.package_identification:_identify(src/imu_tools/imu_tools) by extensions ['colcon_meta']
[0.288s] Level 1:colcon.colcon_core.package_identification:_identify(src/imu_tools/imu_tools) by extension 'colcon_meta'
[0.288s] Level 1:colcon.colcon_core.package_identification:_identify(src/imu_tools/imu_tools) by extensions ['ros']
[0.288s] Level 1:colcon.colcon_core.package_identification:_identify(src/imu_tools/imu_tools) by extension 'ros'
[0.289s] DEBUG:colcon.colcon_core.package_identification:Package 'src/imu_tools/imu_tools' with type 'ros.ament_cmake' and name 'imu_tools'
[0.289s] Level 1:colcon.colcon_core.package_identification:_identify(src/imu_tools/rviz_imu_plugin) by extensions ['ignore', 'ignore_ament_install']
[0.289s] Level 1:colcon.colcon_core.package_identification:_identify(src/imu_tools/rviz_imu_plugin) by extension 'ignore'
[0.289s] Level 1:colcon.colcon_core.package_identification:_identify(src/imu_tools/rviz_imu_plugin) by extension 'ignore_ament_install'
[0.289s] Level 1:colcon.colcon_core.package_identification:_identify(src/imu_tools/rviz_imu_plugin) by extensions ['colcon_pkg']
[0.289s] Level 1:colcon.colcon_core.package_identification:_identify(src/imu_tools/rviz_imu_plugin) by extension 'colcon_pkg'
[0.289s] Level 1:colcon.colcon_core.package_identification:_identify(src/imu_tools/rviz_imu_plugin) by extensions ['colcon_meta']
[0.289s] Level 1:colcon.colcon_core.package_identification:_identify(src/imu_tools/rviz_imu_plugin) by extension 'colcon_meta'
[0.290s] Level 1:colcon.colcon_core.package_identification:_identify(src/imu_tools/rviz_imu_plugin) by extensions ['ros']
[0.290s] Level 1:colcon.colcon_core.package_identification:_identify(src/imu_tools/rviz_imu_plugin) by extension 'ros'
[0.291s] DEBUG:colcon.colcon_core.package_identification:Package 'src/imu_tools/rviz_imu_plugin' with type 'ros.ament_cmake' and name 'rviz_imu_plugin'
[0.292s] Level 1:colcon.colcon_core.package_identification:_identify(src/livox_bringup) by extensions ['ignore', 'ignore_ament_install']
[0.292s] Level 1:colcon.colcon_core.package_identification:_identify(src/livox_bringup) by extension 'ignore'
[0.292s] Level 1:colcon.colcon_core.package_identification:_identify(src/livox_bringup) by extension 'ignore_ament_install'
[0.292s] Level 1:colcon.colcon_core.package_identification:_identify(src/livox_bringup) by extensions ['colcon_pkg']
[0.292s] Level 1:colcon.colcon_core.package_identification:_identify(src/livox_bringup) by extension 'colcon_pkg'
[0.292s] Level 1:colcon.colcon_core.package_identification:_identify(src/livox_bringup) by extensions ['colcon_meta']
[0.292s] Level 1:colcon.colcon_core.package_identification:_identify(src/livox_bringup) by extension 'colcon_meta'
[0.292s] Level 1:colcon.colcon_core.package_identification:_identify(src/livox_bringup) by extensions ['ros']
[0.292s] Level 1:colcon.colcon_core.package_identification:_identify(src/livox_bringup) by extension 'ros'
[0.293s] DEBUG:colcon.colcon_core.package_identification:Package 'src/livox_bringup' with type 'ros.ament_cmake' and name 'livox_bringup'
[0.293s] Level 1:colcon.colcon_core.package_identification:_identify(src/livox_to_pointcloud2) by extensions ['ignore', 'ignore_ament_install']
[0.293s] Level 1:colcon.colcon_core.package_identification:_identify(src/livox_to_pointcloud2) by extension 'ignore'
[0.294s] Level 1:colcon.colcon_core.package_identification:_identify(src/livox_to_pointcloud2) by extension 'ignore_ament_install'
[0.294s] Level 1:colcon.colcon_core.package_identification:_identify(src/livox_to_pointcloud2) by extensions ['colcon_pkg']
[0.294s] Level 1:colcon.colcon_core.package_identification:_identify(src/livox_to_pointcloud2) by extension 'colcon_pkg'
[0.294s] Level 1:colcon.colcon_core.package_identification:_identify(src/livox_to_pointcloud2) by extensions ['colcon_meta']
[0.294s] Level 1:colcon.colcon_core.package_identification:_identify(src/livox_to_pointcloud2) by extension 'colcon_meta'
[0.294s] Level 1:colcon.colcon_core.package_identification:_identify(src/livox_to_pointcloud2) by extensions ['ros']
[0.294s] Level 1:colcon.colcon_core.package_identification:_identify(src/livox_to_pointcloud2) by extension 'ros'
[0.305s] DEBUG:colcon.colcon_core.package_identification:Package 'src/livox_to_pointcloud2' with type 'ros.ament_cmake' and name 'livox_to_pointcloud2'
[0.305s] Level 1:colcon.colcon_core.package_identification:_identify(src/pc2image) by extensions ['ignore', 'ignore_ament_install']
[0.305s] Level 1:colcon.colcon_core.package_identification:_identify(src/pc2image) by extension 'ignore'
[0.305s] Level 1:colcon.colcon_core.package_identification:_identify(src/pc2image) by extension 'ignore_ament_install'
[0.305s] Level 1:colcon.colcon_core.package_identification:_identify(src/pc2image) by extensions ['colcon_pkg']
[0.305s] Level 1:colcon.colcon_core.package_identification:_identify(src/pc2image) by extension 'colcon_pkg'
[0.305s] Level 1:colcon.colcon_core.package_identification:_identify(src/pc2image) by extensions ['colcon_meta']
[0.305s] Level 1:colcon.colcon_core.package_identification:_identify(src/pc2image) by extension 'colcon_meta'
[0.306s] Level 1:colcon.colcon_core.package_identification:_identify(src/pc2image) by extensions ['ros']
[0.306s] Level 1:colcon.colcon_core.package_identification:_identify(src/pc2image) by extension 'ros'
[0.307s] DEBUG:colcon.colcon_core.package_identification:Package 'src/pc2image' with type 'ros.ament_python' and name 'pc2image'
[0.307s] Level 1:colcon.colcon_core.package_identification:_identify(src/realsense2_bringup) by extensions ['ignore', 'ignore_ament_install']
[0.307s] Level 1:colcon.colcon_core.package_identification:_identify(src/realsense2_bringup) by extension 'ignore'
[0.307s] Level 1:colcon.colcon_core.package_identification:_identify(src/realsense2_bringup) by extension 'ignore_ament_install'
[0.307s] Level 1:colcon.colcon_core.package_identification:_identify(src/realsense2_bringup) by extensions ['colcon_pkg']
[0.307s] Level 1:colcon.colcon_core.package_identification:_identify(src/realsense2_bringup) by extension 'colcon_pkg'
[0.307s] Level 1:colcon.colcon_core.package_identification:_identify(src/realsense2_bringup) by extensions ['colcon_meta']
[0.308s] Level 1:colcon.colcon_core.package_identification:_identify(src/realsense2_bringup) by extension 'colcon_meta'
[0.308s] Level 1:colcon.colcon_core.package_identification:_identify(src/realsense2_bringup) by extensions ['ros']
[0.308s] Level 1:colcon.colcon_core.package_identification:_identify(src/realsense2_bringup) by extension 'ros'
[0.309s] DEBUG:colcon.colcon_core.package_identification:Package 'src/realsense2_bringup' with type 'ros.ament_cmake' and name 'realsense2_bringup'
[0.309s] Level 1:colcon.colcon_core.package_identification:_identify(src/ros-foxglove-bridge) by extensions ['ignore', 'ignore_ament_install']
[0.309s] Level 1:colcon.colcon_core.package_identification:_identify(src/ros-foxglove-bridge) by extension 'ignore'
[0.309s] Level 1:colcon.colcon_core.package_identification:_identify(src/ros-foxglove-bridge) by extension 'ignore_ament_install'
[0.309s] Level 1:colcon.colcon_core.package_identification:_identify(src/ros-foxglove-bridge) by extensions ['colcon_pkg']
[0.309s] Level 1:colcon.colcon_core.package_identification:_identify(src/ros-foxglove-bridge) by extension 'colcon_pkg'
[0.309s] Level 1:colcon.colcon_core.package_identification:_identify(src/ros-foxglove-bridge) by extensions ['colcon_meta']
[0.309s] Level 1:colcon.colcon_core.package_identification:_identify(src/ros-foxglove-bridge) by extension 'colcon_meta'
[0.309s] Level 1:colcon.colcon_core.package_identification:_identify(src/ros-foxglove-bridge) by extensions ['ros']
[0.310s] Level 1:colcon.colcon_core.package_identification:_identify(src/ros-foxglove-bridge) by extension 'ros'
[0.323s] DEBUG:colcon.colcon_core.package_identification:Package 'src/ros-foxglove-bridge' with type 'ros.ament_cmake' and name 'foxglove_bridge'
[0.324s] Level 1:colcon.colcon_core.package_identification:_identify(src/rosx_introspection) by extensions ['ignore', 'ignore_ament_install']
[0.324s] Level 1:colcon.colcon_core.package_identification:_identify(src/rosx_introspection) by extension 'ignore'
[0.324s] Level 1:colcon.colcon_core.package_identification:_identify(src/rosx_introspection) by extension 'ignore_ament_install'
[0.324s] Level 1:colcon.colcon_core.package_identification:_identify(src/rosx_introspection) by extensions ['colcon_pkg']
[0.324s] Level 1:colcon.colcon_core.package_identification:_identify(src/rosx_introspection) by extension 'colcon_pkg'
[0.324s] Level 1:colcon.colcon_core.package_identification:_identify(src/rosx_introspection) by extensions ['colcon_meta']
[0.324s] Level 1:colcon.colcon_core.package_identification:_identify(src/rosx_introspection) by extension 'colcon_meta'
[0.324s] Level 1:colcon.colcon_core.package_identification:_identify(src/rosx_introspection) by extensions ['ros']
[0.324s] Level 1:colcon.colcon_core.package_identification:_identify(src/rosx_introspection) by extension 'ros'
[0.332s] DEBUG:colcon.colcon_core.package_identification:Package 'src/rosx_introspection' with type 'ros.ament_cmake' and name 'rosx_introspection'
[0.332s] Level 1:colcon.colcon_core.package_discovery:discover_packages(recursive) using defaults
[0.332s] Level 1:colcon.colcon_core.package_discovery:discover_packages(ignore) discover
[0.332s] Level 1:colcon.colcon_core.package_discovery:discover_packages(ignore) using defaults
[0.332s] Level 1:colcon.colcon_core.package_discovery:discover_packages(path) discover
[0.332s] Level 1:colcon.colcon_core.package_discovery:discover_packages(path) using defaults
[0.368s] Level 5:colcon.colcon_core.verb:set package 'imu_complementary_filter' build argument 'cmake_args' from command line to '['-DBUILD_TESTING=OFF']'
[0.368s] Level 5:colcon.colcon_core.verb:set package 'imu_complementary_filter' build argument 'cmake_target' from command line to 'None'
[0.368s] Level 5:colcon.colcon_core.verb:set package 'imu_complementary_filter' build argument 'cmake_target_skip_unavailable' from command line to 'False'
[0.368s] Level 5:colcon.colcon_core.verb:set package 'imu_complementary_filter' build argument 'cmake_clean_cache' from command line to 'False'
[0.368s] Level 5:colcon.colcon_core.verb:set package 'imu_complementary_filter' build argument 'cmake_clean_first' from command line to 'False'
[0.368s] Level 5:colcon.colcon_core.verb:set package 'imu_complementary_filter' build argument 'cmake_force_configure' from command line to 'False'
[0.368s] Level 5:colcon.colcon_core.verb:set package 'imu_complementary_filter' build argument 'ament_cmake_args' from command line to 'None'
[0.368s] Level 5:colcon.colcon_core.verb:set package 'imu_complementary_filter' build argument 'catkin_cmake_args' from command line to 'None'
[0.368s] Level 5:colcon.colcon_core.verb:set package 'imu_complementary_filter' build argument 'catkin_skip_building_tests' from command line to 'False'
[0.368s] DEBUG:colcon.colcon_core.verb:Building package 'imu_complementary_filter' with the following arguments: {'ament_cmake_args': None, 'build_base': '/num4_ws/build/imu_complementary_filter', 'catkin_cmake_args': None, 'catkin_skip_building_tests': False, 'cmake_args': ['-DBUILD_TESTING=OFF'], 'cmake_clean_cache': False, 'cmake_clean_first': False, 'cmake_force_configure': False, 'cmake_target': None, 'cmake_target_skip_unavailable': False, 'install_base': '/num4_ws/install/imu_complementary_filter', 'merge_install': False, 'path': '/num4_ws/src/imu_tools/imu_complementary_filter', 'symlink_install': False, 'test_result_base': None}
[0.369s] Level 5:colcon.colcon_core.verb:set package 'imu_filter_madgwick' build argument 'cmake_args' from command line to '['-DBUILD_TESTING=OFF']'
[0.369s] Level 5:colcon.colcon_core.verb:set package 'imu_filter_madgwick' build argument 'cmake_target' from command line to 'None'
[0.369s] Level 5:colcon.colcon_core.verb:set package 'imu_filter_madgwick' build argument 'cmake_target_skip_unavailable' from command line to 'False'
[0.369s] Level 5:colcon.colcon_core.verb:set package 'imu_filter_madgwick' build argument 'cmake_clean_cache' from command line to 'False'
[0.369s] Level 5:colcon.colcon_core.verb:set package 'imu_filter_madgwick' build argument 'cmake_clean_first' from command line to 'False'
[0.369s] Level 5:colcon.colcon_core.verb:set package 'imu_filter_madgwick' build argument 'cmake_force_configure' from command line to 'False'
[0.369s] Level 5:colcon.colcon_core.verb:set package 'imu_filter_madgwick' build argument 'ament_cmake_args' from command line to 'None'
[0.369s] Level 5:colcon.colcon_core.verb:set package 'imu_filter_madgwick' build argument 'catkin_cmake_args' from command line to 'None'
[0.369s] Level 5:colcon.colcon_core.verb:set package 'imu_filter_madgwick' build argument 'catkin_skip_building_tests' from command line to 'False'
[0.369s] DEBUG:colcon.colcon_core.verb:Building package 'imu_filter_madgwick' with the following arguments: {'ament_cmake_args': None, 'build_base': '/num4_ws/build/imu_filter_madgwick', 'catkin_cmake_args': None, 'catkin_skip_building_tests': False, 'cmake_args': ['-DBUILD_TESTING=OFF'], 'cmake_clean_cache': False, 'cmake_clean_first': False, 'cmake_force_configure': False, 'cmake_target': None, 'cmake_target_skip_unavailable': False, 'install_base': '/num4_ws/install/imu_filter_madgwick', 'merge_install': False, 'path': '/num4_ws/src/imu_tools/imu_filter_madgwick', 'symlink_install': False, 'test_result_base': None}
[0.370s] Level 5:colcon.colcon_core.verb:set package 'livox_bringup' build argument 'cmake_args' from command line to '['-DBUILD_TESTING=OFF']'
[0.370s] Level 5:colcon.colcon_core.verb:set package 'livox_bringup' build argument 'cmake_target' from command line to 'None'
[0.370s] Level 5:colcon.colcon_core.verb:set package 'livox_bringup' build argument 'cmake_target_skip_unavailable' from command line to 'False'
[0.370s] Level 5:colcon.colcon_core.verb:set package 'livox_bringup' build argument 'cmake_clean_cache' from command line to 'False'
[0.370s] Level 5:colcon.colcon_core.verb:set package 'livox_bringup' build argument 'cmake_clean_first' from command line to 'False'
[0.370s] Level 5:colcon.colcon_core.verb:set package 'livox_bringup' build argument 'cmake_force_configure' from command line to 'False'
[0.370s] Level 5:colcon.colcon_core.verb:set package 'livox_bringup' build argument 'ament_cmake_args' from command line to 'None'
[0.370s] Level 5:colcon.colcon_core.verb:set package 'livox_bringup' build argument 'catkin_cmake_args' from command line to 'None'
[0.370s] Level 5:colcon.colcon_core.verb:set package 'livox_bringup' build argument 'catkin_skip_building_tests' from command line to 'False'
[0.370s] DEBUG:colcon.colcon_core.verb:Building package 'livox_bringup' with the following arguments: {'ament_cmake_args': None, 'build_base': '/num4_ws/build/livox_bringup', 'catkin_cmake_args': None, 'catkin_skip_building_tests': False, 'cmake_args': ['-DBUILD_TESTING=OFF'], 'cmake_clean_cache': False, 'cmake_clean_first': False, 'cmake_force_configure': False, 'cmake_target': None, 'cmake_target_skip_unavailable': False, 'install_base': '/num4_ws/install/livox_bringup', 'merge_install': False, 'path': '/num4_ws/src/livox_bringup', 'symlink_install': False, 'test_result_base': None}
[0.371s] Level 5:colcon.colcon_core.verb:set package 'livox_to_pointcloud2' build argument 'cmake_args' from command line to '['-DBUILD_TESTING=OFF']'
[0.371s] Level 5:colcon.colcon_core.verb:set package 'livox_to_pointcloud2' build argument 'cmake_target' from command line to 'None'
[0.371s] Level 5:colcon.colcon_core.verb:set package 'livox_to_pointcloud2' build argument 'cmake_target_skip_unavailable' from command line to 'False'
[0.371s] Level 5:colcon.colcon_core.verb:set package 'livox_to_pointcloud2' build argument 'cmake_clean_cache' from command line to 'False'
[0.371s] Level 5:colcon.colcon_core.verb:set package 'livox_to_pointcloud2' build argument 'cmake_clean_first' from command line to 'False'
[0.371s] Level 5:colcon.colcon_core.verb:set package 'livox_to_pointcloud2' build argument 'cmake_force_configure' from command line to 'False'
[0.371s] Level 5:colcon.colcon_core.verb:set package 'livox_to_pointcloud2' build argument 'ament_cmake_args' from command line to 'None'
[0.371s] Level 5:colcon.colcon_core.verb:set package 'livox_to_pointcloud2' build argument 'catkin_cmake_args' from command line to 'None'
[0.371s] Level 5:colcon.colcon_core.verb:set package 'livox_to_pointcloud2' build argument 'catkin_skip_building_tests' from command line to 'False'
[0.371s] DEBUG:colcon.colcon_core.verb:Building package 'livox_to_pointcloud2' with the following arguments: {'ament_cmake_args': None, 'build_base': '/num4_ws/build/livox_to_pointcloud2', 'catkin_cmake_args': None, 'catkin_skip_building_tests': False, 'cmake_args': ['-DBUILD_TESTING=OFF'], 'cmake_clean_cache': False, 'cmake_clean_first': False, 'cmake_force_configure': False, 'cmake_target': None, 'cmake_target_skip_unavailable': False, 'install_base': '/num4_ws/install/livox_to_pointcloud2', 'merge_install': False, 'path': '/num4_ws/src/livox_to_pointcloud2', 'symlink_install': False, 'test_result_base': None}
[0.372s] Level 5:colcon.colcon_core.verb:set package 'pc2image' build argument 'cmake_args' from command line to '['-DBUILD_TESTING=OFF']'
[0.372s] Level 5:colcon.colcon_core.verb:set package 'pc2image' build argument 'cmake_target' from command line to 'None'
[0.372s] Level 5:colcon.colcon_core.verb:set package 'pc2image' build argument 'cmake_target_skip_unavailable' from command line to 'False'
[0.372s] Level 5:colcon.colcon_core.verb:set package 'pc2image' build argument 'cmake_clean_cache' from command line to 'False'
[0.372s] Level 5:colcon.colcon_core.verb:set package 'pc2image' build argument 'cmake_clean_first' from command line to 'False'
[0.372s] Level 5:colcon.colcon_core.verb:set package 'pc2image' build argument 'cmake_force_configure' from command line to 'False'
[0.372s] Level 5:colcon.colcon_core.verb:set package 'pc2image' build argument 'ament_cmake_args' from command line to 'None'
[0.372s] Level 5:colcon.colcon_core.verb:set package 'pc2image' build argument 'catkin_cmake_args' from command line to 'None'
[0.372s] Level 5:colcon.colcon_core.verb:set package 'pc2image' build argument 'catkin_skip_building_tests' from command line to 'False'
[0.372s] DEBUG:colcon.colcon_core.verb:Building package 'pc2image' with the following arguments: {'ament_cmake_args': None, 'build_base': '/num4_ws/build/pc2image', 'catkin_cmake_args': None, 'catkin_skip_building_tests': False, 'cmake_args': ['-DBUILD_TESTING=OFF'], 'cmake_clean_cache': False, 'cmake_clean_first': False, 'cmake_force_configure': False, 'cmake_target': None, 'cmake_target_skip_unavailable': False, 'install_base': '/num4_ws/install/pc2image', 'merge_install': False, 'path': '/num4_ws/src/pc2image', 'symlink_install': False, 'test_result_base': None}
[0.373s] Level 5:colcon.colcon_core.verb:set package 'rosx_introspection' build argument 'cmake_args' from command line to '['-DBUILD_TESTING=OFF']'
[0.373s] Level 5:colcon.colcon_core.verb:set package 'rosx_introspection' build argument 'cmake_target' from command line to 'None'
[0.373s] Level 5:colcon.colcon_core.verb:set package 'rosx_introspection' build argument 'cmake_target_skip_unavailable' from command line to 'False'
[0.373s] Level 5:colcon.colcon_core.verb:set package 'rosx_introspection' build argument 'cmake_clean_cache' from command line to 'False'
[0.373s] Level 5:colcon.colcon_core.verb:set package 'rosx_introspection' build argument 'cmake_clean_first' from command line to 'False'
[0.373s] Level 5:colcon.colcon_core.verb:set package 'rosx_introspection' build argument 'cmake_force_configure' from command line to 'False'
[0.373s] Level 5:colcon.colcon_core.verb:set package 'rosx_introspection' build argument 'ament_cmake_args' from command line to 'None'
[0.373s] Level 5:colcon.colcon_core.verb:set package 'rosx_introspection' build argument 'catkin_cmake_args' from command line to 'None'
[0.373s] Level 5:colcon.colcon_core.verb:set package 'rosx_introspection' build argument 'catkin_skip_building_tests' from command line to 'False'
[0.373s] DEBUG:colcon.colcon_core.verb:Building package 'rosx_introspection' with the following arguments: {'ament_cmake_args': None, 'build_base': '/num4_ws/build/rosx_introspection', 'catkin_cmake_args': None, 'catkin_skip_building_tests': False, 'cmake_args': ['-DBUILD_TESTING=OFF'], 'cmake_clean_cache': False, 'cmake_clean_first': False, 'cmake_force_configure': False, 'cmake_target': None, 'cmake_target_skip_unavailable': False, 'install_base': '/num4_ws/install/rosx_introspection', 'merge_install': False, 'path': '/num4_ws/src/rosx_introspection', 'symlink_install': False, 'test_result_base': None}
[0.373s] Level 5:colcon.colcon_core.verb:set package 'rviz_imu_plugin' build argument 'cmake_args' from command line to '['-DBUILD_TESTING=OFF']'
[0.374s] Level 5:colcon.colcon_core.verb:set package 'rviz_imu_plugin' build argument 'cmake_target' from command line to 'None'
[0.374s] Level 5:colcon.colcon_core.verb:set package 'rviz_imu_plugin' build argument 'cmake_target_skip_unavailable' from command line to 'False'
[0.374s] Level 5:colcon.colcon_core.verb:set package 'rviz_imu_plugin' build argument 'cmake_clean_cache' from command line to 'False'
[0.374s] Level 5:colcon.colcon_core.verb:set package 'rviz_imu_plugin' build argument 'cmake_clean_first' from command line to 'False'
[0.374s] Level 5:colcon.colcon_core.verb:set package 'rviz_imu_plugin' build argument 'cmake_force_configure' from command line to 'False'
[0.374s] Level 5:colcon.colcon_core.verb:set package 'rviz_imu_plugin' build argument 'ament_cmake_args' from command line to 'None'
[0.374s] Level 5:colcon.colcon_core.verb:set package 'rviz_imu_plugin' build argument 'catkin_cmake_args' from command line to 'None'
[0.374s] Level 5:colcon.colcon_core.verb:set package 'rviz_imu_plugin' build argument 'catkin_skip_building_tests' from command line to 'False'
[0.374s] DEBUG:colcon.colcon_core.verb:Building package 'rviz_imu_plugin' with the following arguments: {'ament_cmake_args': None, 'build_base': '/num4_ws/build/rviz_imu_plugin', 'catkin_cmake_args': None, 'catkin_skip_building_tests': False, 'cmake_args': ['-DBUILD_TESTING=OFF'], 'cmake_clean_cache': False, 'cmake_clean_first': False, 'cmake_force_configure': False, 'cmake_target': None, 'cmake_target_skip_unavailable': False, 'install_base': '/num4_ws/install/rviz_imu_plugin', 'merge_install': False, 'path': '/num4_ws/src/imu_tools/rviz_imu_plugin', 'symlink_install': False, 'test_result_base': None}
[0.374s] Level 5:colcon.colcon_core.verb:set package 'foxglove_bridge' build argument 'cmake_args' from command line to '['-DBUILD_TESTING=OFF']'
[0.374s] Level 5:colcon.colcon_core.verb:set package 'foxglove_bridge' build argument 'cmake_target' from command line to 'None'
[0.374s] Level 5:colcon.colcon_core.verb:set package 'foxglove_bridge' build argument 'cmake_target_skip_unavailable' from command line to 'False'
[0.375s] Level 5:colcon.colcon_core.verb:set package 'foxglove_bridge' build argument 'cmake_clean_cache' from command line to 'False'
[0.375s] Level 5:colcon.colcon_core.verb:set package 'foxglove_bridge' build argument 'cmake_clean_first' from command line to 'False'
[0.375s] Level 5:colcon.colcon_core.verb:set package 'foxglove_bridge' build argument 'cmake_force_configure' from command line to 'False'
[0.375s] Level 5:colcon.colcon_core.verb:set package 'foxglove_bridge' build argument 'ament_cmake_args' from command line to 'None'
[0.375s] Level 5:colcon.colcon_core.verb:set package 'foxglove_bridge' build argument 'catkin_cmake_args' from command line to 'None'
[0.375s] Level 5:colcon.colcon_core.verb:set package 'foxglove_bridge' build argument 'catkin_skip_building_tests' from command line to 'False'
[0.375s] DEBUG:colcon.colcon_core.verb:Building package 'foxglove_bridge' with the following arguments: {'ament_cmake_args': None, 'build_base': '/num4_ws/build/foxglove_bridge', 'catkin_cmake_args': None, 'catkin_skip_building_tests': False, 'cmake_args': ['-DBUILD_TESTING=OFF'], 'cmake_clean_cache': False, 'cmake_clean_first': False, 'cmake_force_configure': False, 'cmake_target': None, 'cmake_target_skip_unavailable': False, 'install_base': '/num4_ws/install/foxglove_bridge', 'merge_install': False, 'path': '/num4_ws/src/ros-foxglove-bridge', 'symlink_install': False, 'test_result_base': None}
[0.375s] Level 5:colcon.colcon_core.verb:set package 'imu_tools' build argument 'cmake_args' from command line to '['-DBUILD_TESTING=OFF']'
[0.375s] Level 5:colcon.colcon_core.verb:set package 'imu_tools' build argument 'cmake_target' from command line to 'None'
[0.375s] Level 5:colcon.colcon_core.verb:set package 'imu_tools' build argument 'cmake_target_skip_unavailable' from command line to 'False'
[0.376s] Level 5:colcon.colcon_core.verb:set package 'imu_tools' build argument 'cmake_clean_cache' from command line to 'False'
[0.376s] Level 5:colcon.colcon_core.verb:set package 'imu_tools' build argument 'cmake_clean_first' from command line to 'False'
[0.376s] Level 5:colcon.colcon_core.verb:set package 'imu_tools' build argument 'cmake_force_configure' from command line to 'False'
[0.376s] Level 5:colcon.colcon_core.verb:set package 'imu_tools' build argument 'ament_cmake_args' from command line to 'None'
[0.376s] Level 5:colcon.colcon_core.verb:set package 'imu_tools' build argument 'catkin_cmake_args' from command line to 'None'
[0.376s] Level 5:colcon.colcon_core.verb:set package 'imu_tools' build argument 'catkin_skip_building_tests' from command line to 'False'
[0.376s] DEBUG:colcon.colcon_core.verb:Building package 'imu_tools' with the following arguments: {'ament_cmake_args': None, 'build_base': '/num4_ws/build/imu_tools', 'catkin_cmake_args': None, 'catkin_skip_building_tests': False, 'cmake_args': ['-DBUILD_TESTING=OFF'], 'cmake_clean_cache': False, 'cmake_clean_first': False, 'cmake_force_configure': False, 'cmake_target': None, 'cmake_target_skip_unavailable': False, 'install_base': '/num4_ws/install/imu_tools', 'merge_install': False, 'path': '/num4_ws/src/imu_tools/imu_tools', 'symlink_install': False, 'test_result_base': None}
[0.376s] Level 5:colcon.colcon_core.verb:set package 'realsense2_bringup' build argument 'cmake_args' from command line to '['-DBUILD_TESTING=OFF']'
[0.376s] Level 5:colcon.colcon_core.verb:set package 'realsense2_bringup' build argument 'cmake_target' from command line to 'None'
[0.376s] Level 5:colcon.colcon_core.verb:set package 'realsense2_bringup' build argument 'cmake_target_skip_unavailable' from command line to 'False'
[0.376s] Level 5:colcon.colcon_core.verb:set package 'realsense2_bringup' build argument 'cmake_clean_cache' from command line to 'False'
[0.376s] Level 5:colcon.colcon_core.verb:set package 'realsense2_bringup' build argument 'cmake_clean_first' from command line to 'False'
[0.377s] Level 5:colcon.colcon_core.verb:set package 'realsense2_bringup' build argument 'cmake_force_configure' from command line to 'False'
[0.377s] Level 5:colcon.colcon_core.verb:set package 'realsense2_bringup' build argument 'ament_cmake_args' from command line to 'None'
[0.377s] Level 5:colcon.colcon_core.verb:set package 'realsense2_bringup' build argument 'catkin_cmake_args' from command line to 'None'
[0.377s] Level 5:colcon.colcon_core.verb:set package 'realsense2_bringup' build argument 'catkin_skip_building_tests' from command line to 'False'
[0.377s] DEBUG:colcon.colcon_core.verb:Building package 'realsense2_bringup' with the following arguments: {'ament_cmake_args': None, 'build_base': '/num4_ws/build/realsense2_bringup', 'catkin_cmake_args': None, 'catkin_skip_building_tests': False, 'cmake_args': ['-DBUILD_TESTING=OFF'], 'cmake_clean_cache': False, 'cmake_clean_first': False, 'cmake_force_configure': False, 'cmake_target': None, 'cmake_target_skip_unavailable': False, 'install_base': '/num4_ws/install/realsense2_bringup', 'merge_install': False, 'path': '/num4_ws/src/realsense2_bringup', 'symlink_install': False, 'test_result_base': None}
[0.377s] INFO:colcon.colcon_core.executor:Executing jobs using 'parallel' executor
[0.379s] DEBUG:colcon.colcon_parallel_executor.executor.parallel:run_until_complete
[0.380s] INFO:colcon.colcon_ros.task.ament_cmake.build:Building ROS package in '/num4_ws/src/imu_tools/imu_filter_madgwick' with build type 'ament_cmake'
[0.380s] INFO:colcon.colcon_cmake.task.cmake.build:Building CMake package in '/num4_ws/src/imu_tools/imu_filter_madgwick'
[0.384s] INFO:colcon.colcon_core.plugin_system:Skipping extension 'colcon_core.shell.bat': Not used on non-Windows systems
[0.384s] INFO:colcon.colcon_core.shell:Skip shell extension 'powershell' for command environment: Not usable outside of PowerShell
[0.385s] DEBUG:colcon.colcon_core.shell:Skip shell extension 'dsv' for command environment
[0.400s] INFO:colcon.colcon_ros.task.ament_cmake.build:Building ROS package in '/num4_ws/src/imu_tools/imu_complementary_filter' with build type 'ament_cmake'
[0.401s] INFO:colcon.colcon_cmake.task.cmake.build:Building CMake package in '/num4_ws/src/imu_tools/imu_complementary_filter'
[0.401s] INFO:colcon.colcon_core.shell:Skip shell extension 'powershell' for command environment: Not usable outside of PowerShell
[0.401s] DEBUG:colcon.colcon_core.shell:Skip shell extension 'dsv' for command environment
[0.415s] INFO:colcon.colcon_ros.task.ament_cmake.build:Building ROS package in '/num4_ws/src/rosx_introspection' with build type 'ament_cmake'
[0.415s] INFO:colcon.colcon_cmake.task.cmake.build:Building CMake package in '/num4_ws/src/rosx_introspection'
[0.415s] INFO:colcon.colcon_core.shell:Skip shell extension 'powershell' for command environment: Not usable outside of PowerShell
[0.416s] DEBUG:colcon.colcon_core.shell:Skip shell extension 'dsv' for command environment
[0.428s] INFO:colcon.colcon_ros.task.ament_cmake.build:Building ROS package in '/num4_ws/src/imu_tools/rviz_imu_plugin' with build type 'ament_cmake'
[0.428s] INFO:colcon.colcon_cmake.task.cmake.build:Building CMake package in '/num4_ws/src/imu_tools/rviz_imu_plugin'
[0.429s] INFO:colcon.colcon_core.shell:Skip shell extension 'powershell' for command environment: Not usable outside of PowerShell
[0.429s] DEBUG:colcon.colcon_core.shell:Skip shell extension 'dsv' for command environment
[0.442s] INFO:colcon.colcon_ros.task.ament_cmake.build:Building ROS package in '/num4_ws/src/livox_bringup' with build type 'ament_cmake'
[0.442s] INFO:colcon.colcon_cmake.task.cmake.build:Building CMake package in '/num4_ws/src/livox_bringup'
[0.442s] INFO:colcon.colcon_core.shell:Skip shell extension 'powershell' for command environment: Not usable outside of PowerShell
[0.442s] DEBUG:colcon.colcon_core.shell:Skip shell extension 'dsv' for command environment
[0.454s] INFO:colcon.colcon_ros.task.ament_cmake.build:Building ROS package in '/num4_ws/src/livox_to_pointcloud2' with build type 'ament_cmake'
[0.454s] INFO:colcon.colcon_cmake.task.cmake.build:Building CMake package in '/num4_ws/src/livox_to_pointcloud2'
[0.455s] INFO:colcon.colcon_core.shell:Skip shell extension 'powershell' for command environment: Not usable outside of PowerShell
[0.455s] DEBUG:colcon.colcon_core.shell:Skip shell extension 'dsv' for command environment
[0.466s] INFO:colcon.colcon_ros.task.ament_python.build:Building ROS package in '/num4_ws/src/pc2image' with build type 'ament_python'
[0.466s] Level 1:colcon.colcon_core.shell:create_environment_hook('pc2image', 'ament_prefix_path')
[0.467s] INFO:colcon.colcon_core.shell:Creating environment hook '/num4_ws/install/pc2image/share/pc2image/hook/ament_prefix_path.ps1'
[0.468s] INFO:colcon.colcon_core.shell:Creating environment descriptor '/num4_ws/install/pc2image/share/pc2image/hook/ament_prefix_path.dsv'
[0.469s] INFO:colcon.colcon_core.shell:Creating environment hook '/num4_ws/install/pc2image/share/pc2image/hook/ament_prefix_path.sh'
[0.470s] INFO:colcon.colcon_core.shell:Skip shell extension 'powershell' for command environment: Not usable outside of PowerShell
[0.470s] DEBUG:colcon.colcon_core.shell:Skip shell extension 'dsv' for command environment
[0.488s] DEBUG:colcon.colcon_core.event_handler.log_command:Invoking command in '/num4_ws/build/imu_filter_madgwick': PS1=\[\e[1;35m\]\u@\h:\[\e[1;34m\]\w\[\e[0m\]\$ /usr/local/bin/cmake /num4_ws/src/imu_tools/imu_filter_madgwick -DBUILD_TESTING=OFF -DCMAKE_INSTALL_PREFIX=/num4_ws/install/imu_filter_madgwick
[0.494s] DEBUG:colcon.colcon_core.event_handler.log_command:Invoking command in '/num4_ws/build/imu_complementary_filter': PS1=\[\e[1;35m\]\u@\h:\[\e[1;34m\]\w\[\e[0m\]\$ /usr/local/bin/cmake /num4_ws/src/imu_tools/imu_complementary_filter -DBUILD_TESTING=OFF -DCMAKE_INSTALL_PREFIX=/num4_ws/install/imu_complementary_filter
[0.497s] DEBUG:colcon.colcon_core.event_handler.log_command:Invoking command in '/num4_ws/build/rosx_introspection': PS1=\[\e[1;35m\]\u@\h:\[\e[1;34m\]\w\[\e[0m\]\$ /usr/local/bin/cmake /num4_ws/src/rosx_introspection -DBUILD_TESTING=OFF -DCMAKE_INSTALL_PREFIX=/num4_ws/install/rosx_introspection
[0.501s] DEBUG:colcon.colcon_core.event_handler.log_command:Invoking command in '/num4_ws/build/rviz_imu_plugin': PS1=\[\e[1;35m\]\u@\h:\[\e[1;34m\]\w\[\e[0m\]\$ /usr/local/bin/cmake /num4_ws/src/imu_tools/rviz_imu_plugin -DBUILD_TESTING=OFF -DCMAKE_INSTALL_PREFIX=/num4_ws/install/rviz_imu_plugin
[0.504s] DEBUG:colcon.colcon_core.event_handler.log_command:Invoking command in '/num4_ws/build/livox_bringup': PS1=\[\e[1;35m\]\u@\h:\[\e[1;34m\]\w\[\e[0m\]\$ /usr/local/bin/cmake /num4_ws/src/livox_bringup -DBUILD_TESTING=OFF -DCMAKE_INSTALL_PREFIX=/num4_ws/install/livox_bringup
[0.512s] DEBUG:colcon.colcon_core.event_handler.log_command:Invoking command in '/num4_ws/build/livox_to_pointcloud2': PS1=\[\e[1;35m\]\u@\h:\[\e[1;34m\]\w\[\e[0m\]\$ /usr/local/bin/cmake /num4_ws/src/livox_to_pointcloud2 -DBUILD_TESTING=OFF -DCMAKE_INSTALL_PREFIX=/num4_ws/install/livox_to_pointcloud2
[0.923s] INFO:colcon.colcon_core.task.python.build:Building Python package in '/num4_ws/src/pc2image'
[0.923s] INFO:colcon.colcon_core.shell:Skip shell extension 'powershell' for command environment: Not usable outside of PowerShell
[0.924s] DEBUG:colcon.colcon_core.shell:Skip shell extension 'dsv' for command environment
[1.215s] DEBUG:colcon.colcon_core.event_handler.log_command:Invoked command in '/num4_ws/build/livox_bringup' returned '0': PS1=\[\e[1;35m\]\u@\h:\[\e[1;34m\]\w\[\e[0m\]\$ /usr/local/bin/cmake /num4_ws/src/livox_bringup -DBUILD_TESTING=OFF -DCMAKE_INSTALL_PREFIX=/num4_ws/install/livox_bringup
[1.219s] DEBUG:colcon.colcon_core.event_handler.log_command:Invoking command in '/num4_ws/build/livox_bringup': PS1=\[\e[1;35m\]\u@\h:\[\e[1;34m\]\w\[\e[0m\]\$ /usr/local/bin/cmake --build /num4_ws/build/livox_bringup -- -j8 -l8
[1.384s] DEBUG:colcon.colcon_core.event_handler.log_command:Invoked command in '/num4_ws/build/livox_bringup' returned '0': PS1=\[\e[1;35m\]\u@\h:\[\e[1;34m\]\w\[\e[0m\]\$ /usr/local/bin/cmake --build /num4_ws/build/livox_bringup -- -j8 -l8
[1.711s] DEBUG:colcon.colcon_core.event_handler.log_command:Invoking command in '/num4_ws/build/livox_bringup': PS1=\[\e[1;35m\]\u@\h:\[\e[1;34m\]\w\[\e[0m\]\$ /usr/local/bin/cmake --install /num4_ws/build/livox_bringup
[1.714s] DEBUG:colcon.colcon_core.event_handler.log_command:Invoked command in '/num4_ws/build/rosx_introspection' returned '0': PS1=\[\e[1;35m\]\u@\h:\[\e[1;34m\]\w\[\e[0m\]\$ /usr/local/bin/cmake /num4_ws/src/rosx_introspection -DBUILD_TESTING=OFF -DCMAKE_INSTALL_PREFIX=/num4_ws/install/rosx_introspection
[1.716s] DEBUG:colcon.colcon_core.event_handler.log_command:Invoking command in '/num4_ws/build/rosx_introspection': PS1=\[\e[1;35m\]\u@\h:\[\e[1;34m\]\w\[\e[0m\]\$ /usr/local/bin/cmake --build /num4_ws/build/rosx_introspection -- -j8 -l8
[1.835s] DEBUG:colcon.colcon_core.event_handler.log_command:Invoked command in '/num4_ws/build/imu_complementary_filter' returned '0': PS1=\[\e[1;35m\]\u@\h:\[\e[1;34m\]\w\[\e[0m\]\$ /usr/local/bin/cmake /num4_ws/src/imu_tools/imu_complementary_filter -DBUILD_TESTING=OFF -DCMAKE_INSTALL_PREFIX=/num4_ws/install/imu_complementary_filter
[1.837s] DEBUG:colcon.colcon_core.event_handler.log_command:Invoking command in '/num4_ws/build/imu_complementary_filter': PS1=\[\e[1;35m\]\u@\h:\[\e[1;34m\]\w\[\e[0m\]\$ /usr/local/bin/cmake --build /num4_ws/build/imu_complementary_filter -- -j8 -l8
[1.867s] DEBUG:colcon.colcon_core.event_handler.log_command:Invoked command in '/num4_ws/build/imu_filter_madgwick' returned '0': PS1=\[\e[1;35m\]\u@\h:\[\e[1;34m\]\w\[\e[0m\]\$ /usr/local/bin/cmake /num4_ws/src/imu_tools/imu_filter_madgwick -DBUILD_TESTING=OFF -DCMAKE_INSTALL_PREFIX=/num4_ws/install/imu_filter_madgwick
[1.869s] DEBUG:colcon.colcon_core.event_handler.log_command:Invoking command in '/num4_ws/build/imu_filter_madgwick': PS1=\[\e[1;35m\]\u@\h:\[\e[1;34m\]\w\[\e[0m\]\$ /usr/local/bin/cmake --build /num4_ws/build/imu_filter_madgwick -- -j8 -l8
[1.888s] Level 1:colcon.colcon_core.environment:create_environment_scripts_only(livox_bringup)
[1.893s] Level 1:colcon.colcon_core.environment:checking '/num4_ws/install/livox_bringup' for CMake module files
[1.894s] DEBUG:colcon.colcon_core.event_handler.log_command:Invoked command in '/num4_ws/build/livox_bringup' returned '0': PS1=\[\e[1;35m\]\u@\h:\[\e[1;34m\]\w\[\e[0m\]\$ /usr/local/bin/cmake --install /num4_ws/build/livox_bringup
[1.895s] Level 1:colcon.colcon_core.environment:checking '/num4_ws/install/livox_bringup' for CMake config files
[1.896s] Level 1:colcon.colcon_core.shell:create_environment_hook('livox_bringup', 'cmake_prefix_path')
[1.896s] INFO:colcon.colcon_core.shell:Creating environment hook '/num4_ws/install/livox_bringup/share/livox_bringup/hook/cmake_prefix_path.ps1'
[1.897s] INFO:colcon.colcon_core.shell:Creating environment descriptor '/num4_ws/install/livox_bringup/share/livox_bringup/hook/cmake_prefix_path.dsv'
[1.898s] INFO:colcon.colcon_core.shell:Creating environment hook '/num4_ws/install/livox_bringup/share/livox_bringup/hook/cmake_prefix_path.sh'
[1.899s] Level 1:colcon.colcon_core.environment:checking '/num4_ws/install/livox_bringup/bin'
[1.899s] Level 1:colcon.colcon_core.environment:checking '/num4_ws/install/livox_bringup/lib/pkgconfig/livox_bringup.pc'
[1.900s] Level 1:colcon.colcon_core.environment:checking '/num4_ws/install/livox_bringup/lib/python3.10/site-packages'
[1.900s] Level 1:colcon.colcon_core.environment:checking '/num4_ws/install/livox_bringup/bin'
[1.901s] INFO:colcon.colcon_core.shell:Creating package script '/num4_ws/install/livox_bringup/share/livox_bringup/package.ps1'
[1.907s] INFO:colcon.colcon_core.shell:Creating package descriptor '/num4_ws/install/livox_bringup/share/livox_bringup/package.dsv'
[1.908s] INFO:colcon.colcon_core.shell:Creating package script '/num4_ws/install/livox_bringup/share/livox_bringup/package.sh'
[1.910s] INFO:colcon.colcon_core.shell:Creating package script '/num4_ws/install/livox_bringup/share/livox_bringup/package.bash'
[1.911s] INFO:colcon.colcon_core.shell:Creating package script '/num4_ws/install/livox_bringup/share/livox_bringup/package.zsh'
[1.912s] Level 1:colcon.colcon_core.environment:create_file_with_runtime_dependencies(/num4_ws/install/livox_bringup/share/colcon-core/packages/livox_bringup)
[2.059s] DEBUG:colcon.colcon_core.event_handler.log_command:Invoking command in '/num4_ws/build/pc2image': PS1=\[\e[1;35m\]\u@\h:\[\e[1;34m\]\w\[\e[0m\]\$ PYTHONPATH=/num4_ws/build/pc2image/prefix_override:/usr/lib/python3/dist-packages/colcon_core/task/python/colcon_distutils_commands:/num4_ws/install/pc2image/lib/python3.10/site-packages:${PYTHONPATH} /usr/bin/python3 -W ignore:setup.py install is deprecated setup.py develop --uninstall --editable --build-directory /num4_ws/build/pc2image/build
[2.217s] Level 1:colcon.colcon_core.environment:create_environment_scripts_only(livox_bringup)
[2.217s] Level 1:colcon.colcon_core.environment:checking '/num4_ws/install/livox_bringup' for CMake module files
[2.218s] Level 1:colcon.colcon_core.environment:checking '/num4_ws/install/livox_bringup' for CMake config files
[2.218s] Level 1:colcon.colcon_core.shell:create_environment_hook('livox_bringup', 'cmake_prefix_path')
[2.219s] INFO:colcon.colcon_core.shell:Creating environment hook '/num4_ws/install/livox_bringup/share/livox_bringup/hook/cmake_prefix_path.ps1'
[2.220s] INFO:colcon.colcon_core.shell:Creating environment descriptor '/num4_ws/install/livox_bringup/share/livox_bringup/hook/cmake_prefix_path.dsv'
[2.220s] INFO:colcon.colcon_core.shell:Creating environment hook '/num4_ws/install/livox_bringup/share/livox_bringup/hook/cmake_prefix_path.sh'
[2.221s] Level 1:colcon.colcon_core.environment:checking '/num4_ws/install/livox_bringup/bin'
[2.221s] Level 1:colcon.colcon_core.environment:checking '/num4_ws/install/livox_bringup/lib/pkgconfig/livox_bringup.pc'
[2.222s] Level 1:colcon.colcon_core.environment:checking '/num4_ws/install/livox_bringup/lib/python3.10/site-packages'
[2.222s] Level 1:colcon.colcon_core.environment:checking '/num4_ws/install/livox_bringup/bin'
[2.223s] INFO:colcon.colcon_core.shell:Creating package script '/num4_ws/install/livox_bringup/share/livox_bringup/package.ps1'
[2.224s] INFO:colcon.colcon_core.shell:Creating package descriptor '/num4_ws/install/livox_bringup/share/livox_bringup/package.dsv'
[2.224s] INFO:colcon.colcon_core.shell:Creating package script '/num4_ws/install/livox_bringup/share/livox_bringup/package.sh'
[2.225s] INFO:colcon.colcon_core.shell:Creating package script '/num4_ws/install/livox_bringup/share/livox_bringup/package.bash'
[2.226s] INFO:colcon.colcon_core.shell:Creating package script '/num4_ws/install/livox_bringup/share/livox_bringup/package.zsh'
[2.226s] Level 1:colcon.colcon_core.environment:create_file_with_runtime_dependencies(/num4_ws/install/livox_bringup/share/colcon-core/packages/livox_bringup)
[2.249s] DEBUG:colcon.colcon_core.event_handler.log_command:Invoked command in '/num4_ws/build/rviz_imu_plugin' returned '0': PS1=\[\e[1;35m\]\u@\h:\[\e[1;34m\]\w\[\e[0m\]\$ /usr/local/bin/cmake /num4_ws/src/imu_tools/rviz_imu_plugin -DBUILD_TESTING=OFF -DCMAKE_INSTALL_PREFIX=/num4_ws/install/rviz_imu_plugin
[2.249s] DEBUG:colcon.colcon_core.event_handler.log_command:Invoking command in '/num4_ws/build/rviz_imu_plugin': PS1=\[\e[1;35m\]\u@\h:\[\e[1;34m\]\w\[\e[0m\]\$ /usr/local/bin/cmake --build /num4_ws/build/rviz_imu_plugin -- -j8 -l8
[2.264s] DEBUG:colcon.colcon_core.event_handler.log_command:Invoked command in '/num4_ws/build/imu_complementary_filter' returned '0': PS1=\[\e[1;35m\]\u@\h:\[\e[1;34m\]\w\[\e[0m\]\$ /usr/local/bin/cmake --build /num4_ws/build/imu_complementary_filter -- -j8 -l8
[2.320s] DEBUG:colcon.colcon_core.event_handler.log_command:Invoked command in '/num4_ws/build/imu_filter_madgwick' returned '0': PS1=\[\e[1;35m\]\u@\h:\[\e[1;34m\]\w\[\e[0m\]\$ /usr/local/bin/cmake --build /num4_ws/build/imu_filter_madgwick -- -j8 -l8
[2.485s] DEBUG:colcon.colcon_core.event_handler.log_command:Invoking command in '/num4_ws/build/imu_complementary_filter': PS1=\[\e[1;35m\]\u@\h:\[\e[1;34m\]\w\[\e[0m\]\$ /usr/local/bin/cmake --install /num4_ws/build/imu_complementary_filter
[2.592s] DEBUG:colcon.colcon_core.event_handler.log_command:Invoking command in '/num4_ws/build/imu_filter_madgwick': PS1=\[\e[1;35m\]\u@\h:\[\e[1;34m\]\w\[\e[0m\]\$ /usr/local/bin/cmake --install /num4_ws/build/imu_filter_madgwick
[2.696s] DEBUG:colcon.colcon_core.event_handler.log_command:Invoked command in '/num4_ws/build/rviz_imu_plugin' returned '0': PS1=\[\e[1;35m\]\u@\h:\[\e[1;34m\]\w\[\e[0m\]\$ /usr/local/bin/cmake --build /num4_ws/build/rviz_imu_plugin -- -j8 -l8
[2.790s] Level 1:colcon.colcon_core.environment:create_environment_scripts_only(imu_filter_madgwick)
[2.790s] Level 1:colcon.colcon_core.environment:checking '/num4_ws/install/imu_filter_madgwick' for CMake module files
[2.792s] DEBUG:colcon.colcon_core.event_handler.log_command:Invoked command in '/num4_ws/build/imu_filter_madgwick' returned '0': PS1=\[\e[1;35m\]\u@\h:\[\e[1;34m\]\w\[\e[0m\]\$ /usr/local/bin/cmake --install /num4_ws/build/imu_filter_madgwick
[2.793s] Level 1:colcon.colcon_core.environment:checking '/num4_ws/install/imu_filter_madgwick' for CMake config files
[2.794s] Level 1:colcon.colcon_core.shell:create_environment_hook('imu_filter_madgwick', 'cmake_prefix_path')
[2.794s] INFO:colcon.colcon_core.shell:Creating environment hook '/num4_ws/install/imu_filter_madgwick/share/imu_filter_madgwick/hook/cmake_prefix_path.ps1'
[2.796s] INFO:colcon.colcon_core.shell:Creating environment descriptor '/num4_ws/install/imu_filter_madgwick/share/imu_filter_madgwick/hook/cmake_prefix_path.dsv'
[2.797s] INFO:colcon.colcon_core.shell:Creating environment hook '/num4_ws/install/imu_filter_madgwick/share/imu_filter_madgwick/hook/cmake_prefix_path.sh'
[2.798s] Level 1:colcon.colcon_core.environment:checking '/num4_ws/install/imu_filter_madgwick/lib'
[2.799s] Level 1:colcon.colcon_core.shell:create_environment_hook('imu_filter_madgwick', 'ld_library_path_lib')
[2.799s] INFO:colcon.colcon_core.shell:Creating environment hook '/num4_ws/install/imu_filter_madgwick/share/imu_filter_madgwick/hook/ld_library_path_lib.ps1'
[2.800s] INFO:colcon.colcon_core.shell:Creating environment descriptor '/num4_ws/install/imu_filter_madgwick/share/imu_filter_madgwick/hook/ld_library_path_lib.dsv'
[2.801s] INFO:colcon.colcon_core.shell:Creating environment hook '/num4_ws/install/imu_filter_madgwick/share/imu_filter_madgwick/hook/ld_library_path_lib.sh'
[2.802s] Level 1:colcon.colcon_core.environment:checking '/num4_ws/install/imu_filter_madgwick/bin'
[2.802s] Level 1:colcon.colcon_core.environment:checking '/num4_ws/install/imu_filter_madgwick/lib/pkgconfig/imu_filter_madgwick.pc'
[2.803s] Level 1:colcon.colcon_core.environment:checking '/num4_ws/install/imu_filter_madgwick/lib/python3.10/site-packages'
[2.803s] Level 1:colcon.colcon_core.environment:checking '/num4_ws/install/imu_filter_madgwick/bin'
[2.804s] INFO:colcon.colcon_core.shell:Creating package script '/num4_ws/install/imu_filter_madgwick/share/imu_filter_madgwick/package.ps1'
[2.805s] INFO:colcon.colcon_core.shell:Creating package descriptor '/num4_ws/install/imu_filter_madgwick/share/imu_filter_madgwick/package.dsv'
[2.806s] INFO:colcon.colcon_core.shell:Creating package script '/num4_ws/install/imu_filter_madgwick/share/imu_filter_madgwick/package.sh'
[2.807s] INFO:colcon.colcon_core.shell:Creating package script '/num4_ws/install/imu_filter_madgwick/share/imu_filter_madgwick/package.bash'
[2.808s] INFO:colcon.colcon_core.shell:Creating package script '/num4_ws/install/imu_filter_madgwick/share/imu_filter_madgwick/package.zsh'
[2.809s] Level 1:colcon.colcon_core.environment:create_file_with_runtime_dependencies(/num4_ws/install/imu_filter_madgwick/share/colcon-core/packages/imu_filter_madgwick)
[2.849s] Level 1:colcon.colcon_core.environment:create_environment_scripts_only(imu_complementary_filter)
[2.850s] Level 1:colcon.colcon_core.environment:checking '/num4_ws/install/imu_complementary_filter' for CMake module files
[2.851s] DEBUG:colcon.colcon_core.event_handler.log_command:Invoked command in '/num4_ws/build/imu_complementary_filter' returned '0': PS1=\[\e[1;35m\]\u@\h:\[\e[1;34m\]\w\[\e[0m\]\$ /usr/local/bin/cmake --install /num4_ws/build/imu_complementary_filter
[2.852s] Level 1:colcon.colcon_core.environment:checking '/num4_ws/install/imu_complementary_filter' for CMake config files
[2.852s] Level 1:colcon.colcon_core.shell:create_environment_hook('imu_complementary_filter', 'cmake_prefix_path')
[2.853s] INFO:colcon.colcon_core.shell:Creating environment hook '/num4_ws/install/imu_complementary_filter/share/imu_complementary_filter/hook/cmake_prefix_path.ps1'
[2.854s] INFO:colcon.colcon_core.shell:Creating environment descriptor '/num4_ws/install/imu_complementary_filter/share/imu_complementary_filter/hook/cmake_prefix_path.dsv'
[2.854s] INFO:colcon.colcon_core.shell:Creating environment hook '/num4_ws/install/imu_complementary_filter/share/imu_complementary_filter/hook/cmake_prefix_path.sh'
[2.855s] Level 1:colcon.colcon_core.environment:checking '/num4_ws/install/imu_complementary_filter/lib'
[2.856s] Level 1:colcon.colcon_core.shell:create_environment_hook('imu_complementary_filter', 'ld_library_path_lib')
[2.856s] INFO:colcon.colcon_core.shell:Creating environment hook '/num4_ws/install/imu_complementary_filter/share/imu_complementary_filter/hook/ld_library_path_lib.ps1'
[2.857s] INFO:colcon.colcon_core.shell:Creating environment descriptor '/num4_ws/install/imu_complementary_filter/share/imu_complementary_filter/hook/ld_library_path_lib.dsv'
[2.857s] INFO:colcon.colcon_core.shell:Creating environment hook '/num4_ws/install/imu_complementary_filter/share/imu_complementary_filter/hook/ld_library_path_lib.sh'
[2.858s] Level 1:colcon.colcon_core.environment:checking '/num4_ws/install/imu_complementary_filter/bin'
[2.858s] Level 1:colcon.colcon_core.environment:checking '/num4_ws/install/imu_complementary_filter/lib/pkgconfig/imu_complementary_filter.pc'
[2.859s] Level 1:colcon.colcon_core.environment:checking '/num4_ws/install/imu_complementary_filter/lib/python3.10/site-packages'
[2.859s] Level 1:colcon.colcon_core.environment:checking '/num4_ws/install/imu_complementary_filter/bin'
[2.860s] INFO:colcon.colcon_core.shell:Creating package script '/num4_ws/install/imu_complementary_filter/share/imu_complementary_filter/package.ps1'
[2.860s] INFO:colcon.colcon_core.shell:Creating package descriptor '/num4_ws/install/imu_complementary_filter/share/imu_complementary_filter/package.dsv'
[2.861s] INFO:colcon.colcon_core.shell:Creating package script '/num4_ws/install/imu_complementary_filter/share/imu_complementary_filter/package.sh'
[2.862s] INFO:colcon.colcon_core.shell:Creating package script '/num4_ws/install/imu_complementary_filter/share/imu_complementary_filter/package.bash'
[2.863s] INFO:colcon.colcon_core.shell:Creating package script '/num4_ws/install/imu_complementary_filter/share/imu_complementary_filter/package.zsh'
[2.863s] Level 1:colcon.colcon_core.environment:create_file_with_runtime_dependencies(/num4_ws/install/imu_complementary_filter/share/colcon-core/packages/imu_complementary_filter)
[2.996s] DEBUG:colcon.colcon_core.event_handler.log_command:Invoking command in '/num4_ws/build/rviz_imu_plugin': PS1=\[\e[1;35m\]\u@\h:\[\e[1;34m\]\w\[\e[0m\]\$ /usr/local/bin/cmake --install /num4_ws/build/rviz_imu_plugin
[3.050s] Level 1:colcon.colcon_core.environment:create_environment_scripts_only(imu_filter_madgwick)
[3.051s] Level 1:colcon.colcon_core.environment:checking '/num4_ws/install/imu_filter_madgwick' for CMake module files
[3.052s] Level 1:colcon.colcon_core.environment:checking '/num4_ws/install/imu_filter_madgwick' for CMake config files
[3.053s] Level 1:colcon.colcon_core.shell:create_environment_hook('imu_filter_madgwick', 'cmake_prefix_path')
[3.053s] INFO:colcon.colcon_core.shell:Creating environment hook '/num4_ws/install/imu_filter_madgwick/share/imu_filter_madgwick/hook/cmake_prefix_path.ps1'
[3.054s] INFO:colcon.colcon_core.shell:Creating environment descriptor '/num4_ws/install/imu_filter_madgwick/share/imu_filter_madgwick/hook/cmake_prefix_path.dsv'
[3.056s] INFO:colcon.colcon_core.shell:Creating environment hook '/num4_ws/install/imu_filter_madgwick/share/imu_filter_madgwick/hook/cmake_prefix_path.sh'
[3.057s] Level 1:colcon.colcon_core.environment:checking '/num4_ws/install/imu_filter_madgwick/lib'
[3.057s] Level 1:colcon.colcon_core.shell:create_environment_hook('imu_filter_madgwick', 'ld_library_path_lib')
[3.057s] INFO:colcon.colcon_core.shell:Creating environment hook '/num4_ws/install/imu_filter_madgwick/share/imu_filter_madgwick/hook/ld_library_path_lib.ps1'
[3.058s] INFO:colcon.colcon_core.shell:Creating environment descriptor '/num4_ws/install/imu_filter_madgwick/share/imu_filter_madgwick/hook/ld_library_path_lib.dsv'
[3.059s] INFO:colcon.colcon_core.shell:Creating environment hook '/num4_ws/install/imu_filter_madgwick/share/imu_filter_madgwick/hook/ld_library_path_lib.sh'
[3.060s] Level 1:colcon.colcon_core.environment:checking '/num4_ws/install/imu_filter_madgwick/bin'
[3.060s] Level 1:colcon.colcon_core.environment:checking '/num4_ws/install/imu_filter_madgwick/lib/pkgconfig/imu_filter_madgwick.pc'
[3.060s] Level 1:colcon.colcon_core.environment:checking '/num4_ws/install/imu_filter_madgwick/lib/python3.10/site-packages'
[3.061s] Level 1:colcon.colcon_core.environment:checking '/num4_ws/install/imu_filter_madgwick/bin'
[3.061s] INFO:colcon.colcon_core.shell:Creating package script '/num4_ws/install/imu_filter_madgwick/share/imu_filter_madgwick/package.ps1'
[3.062s] INFO:colcon.colcon_core.shell:Creating package descriptor '/num4_ws/install/imu_filter_madgwick/share/imu_filter_madgwick/package.dsv'
[3.063s] INFO:colcon.colcon_core.shell:Creating package script '/num4_ws/install/imu_filter_madgwick/share/imu_filter_madgwick/package.sh'
[3.064s] INFO:colcon.colcon_core.shell:Creating package script '/num4_ws/install/imu_filter_madgwick/share/imu_filter_madgwick/package.bash'
[3.065s] INFO:colcon.colcon_core.shell:Creating package script '/num4_ws/install/imu_filter_madgwick/share/imu_filter_madgwick/package.zsh'
[3.066s] Level 1:colcon.colcon_core.environment:create_file_with_runtime_dependencies(/num4_ws/install/imu_filter_madgwick/share/colcon-core/packages/imu_filter_madgwick)
[3.068s] INFO:colcon.colcon_ros.task.ament_cmake.build:Building ROS package in '/num4_ws/src/realsense2_bringup' with build type 'ament_cmake'
[3.069s] INFO:colcon.colcon_cmake.task.cmake.build:Building CMake package in '/num4_ws/src/realsense2_bringup'
[3.070s] INFO:colcon.colcon_core.shell:Skip shell extension 'powershell' for command environment: Not usable outside of PowerShell
[3.070s] DEBUG:colcon.colcon_core.shell:Skip shell extension 'dsv' for command environment
[3.097s] DEBUG:colcon.colcon_core.event_handler.log_command:Invoking command in '/num4_ws/build/realsense2_bringup': AMENT_PREFIX_PATH=/num4_ws/install/imu_filter_madgwick:${AMENT_PREFIX_PATH} CMAKE_PREFIX_PATH=/num4_ws/install/imu_filter_madgwick:${CMAKE_PREFIX_PATH} LD_LIBRARY_PATH=/num4_ws/install/imu_filter_madgwick/lib:/ros2_ws/install/realsense2_camera/lib:/ros2_ws/install/realsense2_camera_msgs/lib:/ros2_ws/install/livox_ros_driver2/lib:/ros2_ws/install/diagnostic_updater/lib:/opt/ros/humble/install/opt/rviz_ogre_vendor/lib:/opt/ros/humble/install/lib:/usr/local/cuda/compat:/usr/local/cuda/lib64 PS1=\[\e[1;35m\]\u@\h:\[\e[1;34m\]\w\[\e[0m\]\$ /usr/local/bin/cmake /num4_ws/src/realsense2_bringup -DBUILD_TESTING=OFF -DCMAKE_INSTALL_PREFIX=/num4_ws/install/realsense2_bringup
[3.099s] Level 1:colcon.colcon_core.environment:create_environment_scripts_only(imu_complementary_filter)
[3.100s] Level 1:colcon.colcon_core.environment:checking '/num4_ws/install/imu_complementary_filter' for CMake module files
[3.101s] Level 1:colcon.colcon_core.environment:checking '/num4_ws/install/imu_complementary_filter' for CMake config files
[3.101s] Level 1:colcon.colcon_core.shell:create_environment_hook('imu_complementary_filter', 'cmake_prefix_path')
[3.102s] INFO:colcon.colcon_core.shell:Creating environment hook '/num4_ws/install/imu_complementary_filter/share/imu_complementary_filter/hook/cmake_prefix_path.ps1'
[3.103s] INFO:colcon.colcon_core.shell:Creating environment descriptor '/num4_ws/install/imu_complementary_filter/share/imu_complementary_filter/hook/cmake_prefix_path.dsv'
[3.103s] INFO:colcon.colcon_core.shell:Creating environment hook '/num4_ws/install/imu_complementary_filter/share/imu_complementary_filter/hook/cmake_prefix_path.sh'
[3.105s] Level 1:colcon.colcon_core.environment:checking '/num4_ws/install/imu_complementary_filter/lib'
[3.105s] Level 1:colcon.colcon_core.shell:create_environment_hook('imu_complementary_filter', 'ld_library_path_lib')
[3.105s] INFO:colcon.colcon_core.shell:Creating environment hook '/num4_ws/install/imu_complementary_filter/share/imu_complementary_filter/hook/ld_library_path_lib.ps1'
[3.106s] INFO:colcon.colcon_core.shell:Creating environment descriptor '/num4_ws/install/imu_complementary_filter/share/imu_complementary_filter/hook/ld_library_path_lib.dsv'
[3.107s] INFO:colcon.colcon_core.shell:Creating environment hook '/num4_ws/install/imu_complementary_filter/share/imu_complementary_filter/hook/ld_library_path_lib.sh'
[3.107s] Level 1:colcon.colcon_core.environment:checking '/num4_ws/install/imu_complementary_filter/bin'
[3.108s] Level 1:colcon.colcon_core.environment:checking '/num4_ws/install/imu_complementary_filter/lib/pkgconfig/imu_complementary_filter.pc'
[3.108s] Level 1:colcon.colcon_core.environment:checking '/num4_ws/install/imu_complementary_filter/lib/python3.10/site-packages'
[3.108s] Level 1:colcon.colcon_core.environment:checking '/num4_ws/install/imu_complementary_filter/bin'
[3.109s] INFO:colcon.colcon_core.shell:Creating package script '/num4_ws/install/imu_complementary_filter/share/imu_complementary_filter/package.ps1'
[3.110s] INFO:colcon.colcon_core.shell:Creating package descriptor '/num4_ws/install/imu_complementary_filter/share/imu_complementary_filter/package.dsv'
[3.112s] INFO:colcon.colcon_core.shell:Creating package script '/num4_ws/install/imu_complementary_filter/share/imu_complementary_filter/package.sh'
[3.113s] INFO:colcon.colcon_core.shell:Creating package script '/num4_ws/install/imu_complementary_filter/share/imu_complementary_filter/package.bash'
[3.114s] INFO:colcon.colcon_core.shell:Creating package script '/num4_ws/install/imu_complementary_filter/share/imu_complementary_filter/package.zsh'
[3.115s] Level 1:colcon.colcon_core.environment:create_file_with_runtime_dependencies(/num4_ws/install/imu_complementary_filter/share/colcon-core/packages/imu_complementary_filter)
[3.154s] DEBUG:colcon.colcon_core.event_handler.log_command:Invoked command in '/num4_ws/build/pc2image' returned '0': PS1=\[\e[1;35m\]\u@\h:\[\e[1;34m\]\w\[\e[0m\]\$ PYTHONPATH=/num4_ws/build/pc2image/prefix_override:/usr/lib/python3/dist-packages/colcon_core/task/python/colcon_distutils_commands:/num4_ws/install/pc2image/lib/python3.10/site-packages:${PYTHONPATH} /usr/bin/python3 -W ignore:setup.py install is deprecated setup.py develop --uninstall --editable --build-directory /num4_ws/build/pc2image/build
[3.156s] DEBUG:colcon.colcon_core.event_handler.log_command:Invoking command in '/num4_ws/src/pc2image': PS1=\[\e[1;35m\]\u@\h:\[\e[1;34m\]\w\[\e[0m\]\$ PYTHONPATH=/num4_ws/build/pc2image/prefix_override:/usr/lib/python3/dist-packages/colcon_core/task/python/colcon_distutils_commands:/num4_ws/install/pc2image/lib/python3.10/site-packages:${PYTHONPATH} /usr/bin/python3 -W ignore:setup.py install is deprecated setup.py egg_info --egg-base ../../build/pc2image build --build-base /num4_ws/build/pc2image/build install --record /num4_ws/build/pc2image/install.log --single-version-externally-managed install_data --force
[3.334s] Level 1:colcon.colcon_core.environment:create_environment_scripts_only(rviz_imu_plugin)
[3.335s] Level 1:colcon.colcon_core.environment:checking '/num4_ws/install/rviz_imu_plugin' for CMake module files
[3.336s] Level 1:colcon.colcon_core.environment:checking '/num4_ws/install/rviz_imu_plugin' for CMake config files
[3.336s] Level 1:colcon.colcon_core.shell:create_environment_hook('rviz_imu_plugin', 'cmake_prefix_path')
[3.337s] INFO:colcon.colcon_core.shell:Creating environment hook '/num4_ws/install/rviz_imu_plugin/share/rviz_imu_plugin/hook/cmake_prefix_path.ps1'
[3.338s] INFO:colcon.colcon_core.shell:Creating environment descriptor '/num4_ws/install/rviz_imu_plugin/share/rviz_imu_plugin/hook/cmake_prefix_path.dsv'
[3.340s] INFO:colcon.colcon_core.shell:Creating environment hook '/num4_ws/install/rviz_imu_plugin/share/rviz_imu_plugin/hook/cmake_prefix_path.sh'
[3.340s] DEBUG:colcon.colcon_core.event_handler.log_command:Invoked command in '/num4_ws/build/rviz_imu_plugin' returned '0': PS1=\[\e[1;35m\]\u@\h:\[\e[1;34m\]\w\[\e[0m\]\$ /usr/local/bin/cmake --install /num4_ws/build/rviz_imu_plugin
[3.342s] Level 1:colcon.colcon_core.environment:checking '/num4_ws/install/rviz_imu_plugin/lib'
[3.342s] Level 1:colcon.colcon_core.shell:create_environment_hook('rviz_imu_plugin', 'ld_library_path_lib')
[3.342s] INFO:colcon.colcon_core.shell:Creating environment hook '/num4_ws/install/rviz_imu_plugin/share/rviz_imu_plugin/hook/ld_library_path_lib.ps1'
[3.344s] INFO:colcon.colcon_core.shell:Creating environment descriptor '/num4_ws/install/rviz_imu_plugin/share/rviz_imu_plugin/hook/ld_library_path_lib.dsv'
[3.345s] INFO:colcon.colcon_core.shell:Creating environment hook '/num4_ws/install/rviz_imu_plugin/share/rviz_imu_plugin/hook/ld_library_path_lib.sh'
[3.346s] Level 1:colcon.colcon_core.environment:checking '/num4_ws/install/rviz_imu_plugin/bin'
[3.346s] Level 1:colcon.colcon_core.environment:checking '/num4_ws/install/rviz_imu_plugin/lib/pkgconfig/rviz_imu_plugin.pc'
[3.346s] Level 1:colcon.colcon_core.environment:checking '/num4_ws/install/rviz_imu_plugin/lib/python3.10/site-packages'
[3.346s] Level 1:colcon.colcon_core.environment:checking '/num4_ws/install/rviz_imu_plugin/bin'
[3.347s] INFO:colcon.colcon_core.shell:Creating package script '/num4_ws/install/rviz_imu_plugin/share/rviz_imu_plugin/package.ps1'
[3.348s] INFO:colcon.colcon_core.shell:Creating package descriptor '/num4_ws/install/rviz_imu_plugin/share/rviz_imu_plugin/package.dsv'
[3.349s] INFO:colcon.colcon_core.shell:Creating package script '/num4_ws/install/rviz_imu_plugin/share/rviz_imu_plugin/package.sh'
[3.350s] INFO:colcon.colcon_core.shell:Creating package script '/num4_ws/install/rviz_imu_plugin/share/rviz_imu_plugin/package.bash'
[3.350s] INFO:colcon.colcon_core.shell:Creating package script '/num4_ws/install/rviz_imu_plugin/share/rviz_imu_plugin/package.zsh'
[3.351s] Level 1:colcon.colcon_core.environment:create_file_with_runtime_dependencies(/num4_ws/install/rviz_imu_plugin/share/colcon-core/packages/rviz_imu_plugin)
[3.578s] Level 1:colcon.colcon_core.environment:create_environment_scripts_only(rviz_imu_plugin)
[3.579s] Level 1:colcon.colcon_core.environment:checking '/num4_ws/install/rviz_imu_plugin' for CMake module files
[3.580s] Level 1:colcon.colcon_core.environment:checking '/num4_ws/install/rviz_imu_plugin' for CMake config files
[3.580s] Level 1:colcon.colcon_core.shell:create_environment_hook('rviz_imu_plugin', 'cmake_prefix_path')
[3.581s] INFO:colcon.colcon_core.shell:Creating environment hook '/num4_ws/install/rviz_imu_plugin/share/rviz_imu_plugin/hook/cmake_prefix_path.ps1'
[3.582s] INFO:colcon.colcon_core.shell:Creating environment descriptor '/num4_ws/install/rviz_imu_plugin/share/rviz_imu_plugin/hook/cmake_prefix_path.dsv'
[3.583s] INFO:colcon.colcon_core.shell:Creating environment hook '/num4_ws/install/rviz_imu_plugin/share/rviz_imu_plugin/hook/cmake_prefix_path.sh'
[3.584s] Level 1:colcon.colcon_core.environment:checking '/num4_ws/install/rviz_imu_plugin/lib'
[3.584s] Level 1:colcon.colcon_core.shell:create_environment_hook('rviz_imu_plugin', 'ld_library_path_lib')
[3.585s] INFO:colcon.colcon_core.shell:Creating environment hook '/num4_ws/install/rviz_imu_plugin/share/rviz_imu_plugin/hook/ld_library_path_lib.ps1'
[3.585s] INFO:colcon.colcon_core.shell:Creating environment descriptor '/num4_ws/install/rviz_imu_plugin/share/rviz_imu_plugin/hook/ld_library_path_lib.dsv'
[3.586s] INFO:colcon.colcon_core.shell:Creating environment hook '/num4_ws/install/rviz_imu_plugin/share/rviz_imu_plugin/hook/ld_library_path_lib.sh'
[3.587s] Level 1:colcon.colcon_core.environment:checking '/num4_ws/install/rviz_imu_plugin/bin'
[3.587s] Level 1:colcon.colcon_core.environment:checking '/num4_ws/install/rviz_imu_plugin/lib/pkgconfig/rviz_imu_plugin.pc'
[3.587s] Level 1:colcon.colcon_core.environment:checking '/num4_ws/install/rviz_imu_plugin/lib/python3.10/site-packages'
[3.588s] Level 1:colcon.colcon_core.environment:checking '/num4_ws/install/rviz_imu_plugin/bin'
[3.588s] INFO:colcon.colcon_core.shell:Creating package script '/num4_ws/install/rviz_imu_plugin/share/rviz_imu_plugin/package.ps1'
[3.589s] INFO:colcon.colcon_core.shell:Creating package descriptor '/num4_ws/install/rviz_imu_plugin/share/rviz_imu_plugin/package.dsv'
[3.590s] INFO:colcon.colcon_core.shell:Creating package script '/num4_ws/install/rviz_imu_plugin/share/rviz_imu_plugin/package.sh'
[3.591s] INFO:colcon.colcon_core.shell:Creating package script '/num4_ws/install/rviz_imu_plugin/share/rviz_imu_plugin/package.bash'
[3.592s] INFO:colcon.colcon_core.shell:Creating package script '/num4_ws/install/rviz_imu_plugin/share/rviz_imu_plugin/package.zsh'
[3.593s] Level 1:colcon.colcon_core.environment:create_file_with_runtime_dependencies(/num4_ws/install/rviz_imu_plugin/share/colcon-core/packages/rviz_imu_plugin)
[3.595s] INFO:colcon.colcon_ros.task.ament_cmake.build:Building ROS package in '/num4_ws/src/imu_tools/imu_tools' with build type 'ament_cmake'
[3.595s] INFO:colcon.colcon_cmake.task.cmake.build:Building CMake package in '/num4_ws/src/imu_tools/imu_tools'
[3.596s] INFO:colcon.colcon_core.shell:Skip shell extension 'powershell' for command environment: Not usable outside of PowerShell
[3.597s] DEBUG:colcon.colcon_core.shell:Skip shell extension 'dsv' for command environment
[3.636s] DEBUG:colcon.colcon_core.event_handler.log_command:Invoking command in '/num4_ws/build/imu_tools': AMENT_PREFIX_PATH=/num4_ws/install/rviz_imu_plugin:/num4_ws/install/imu_filter_madgwick:/num4_ws/install/imu_complementary_filter:${AMENT_PREFIX_PATH} CMAKE_PREFIX_PATH=/num4_ws/install/rviz_imu_plugin:/num4_ws/install/imu_filter_madgwick:/num4_ws/install/imu_complementary_filter:${CMAKE_PREFIX_PATH} LD_LIBRARY_PATH=/num4_ws/install/rviz_imu_plugin/lib:/num4_ws/install/imu_filter_madgwick/lib:/num4_ws/install/imu_complementary_filter/lib:/ros2_ws/install/realsense2_camera/lib:/ros2_ws/install/realsense2_camera_msgs/lib:/ros2_ws/install/livox_ros_driver2/lib:/ros2_ws/install/diagnostic_updater/lib:/opt/ros/humble/install/opt/rviz_ogre_vendor/lib:/opt/ros/humble/install/lib:/usr/local/cuda/compat:/usr/local/cuda/lib64 PS1=\[\e[1;35m\]\u@\h:\[\e[1;34m\]\w\[\e[0m\]\$ /usr/local/bin/cmake /num4_ws/src/imu_tools/imu_tools -DBUILD_TESTING=OFF -DCMAKE_INSTALL_PREFIX=/num4_ws/install/imu_tools
[3.827s] DEBUG:colcon.colcon_core.event_handler.log_command:Invoked command in '/num4_ws/build/realsense2_bringup' returned '0': AMENT_PREFIX_PATH=/num4_ws/install/imu_filter_madgwick:${AMENT_PREFIX_PATH} CMAKE_PREFIX_PATH=/num4_ws/install/imu_filter_madgwick:${CMAKE_PREFIX_PATH} LD_LIBRARY_PATH=/num4_ws/install/imu_filter_madgwick/lib:/ros2_ws/install/realsense2_camera/lib:/ros2_ws/install/realsense2_camera_msgs/lib:/ros2_ws/install/livox_ros_driver2/lib:/ros2_ws/install/diagnostic_updater/lib:/opt/ros/humble/install/opt/rviz_ogre_vendor/lib:/opt/ros/humble/install/lib:/usr/local/cuda/compat:/usr/local/cuda/lib64 PS1=\[\e[1;35m\]\u@\h:\[\e[1;34m\]\w\[\e[0m\]\$ /usr/local/bin/cmake /num4_ws/src/realsense2_bringup -DBUILD_TESTING=OFF -DCMAKE_INSTALL_PREFIX=/num4_ws/install/realsense2_bringup
[3.828s] DEBUG:colcon.colcon_core.event_handler.log_command:Invoking command in '/num4_ws/build/realsense2_bringup': AMENT_PREFIX_PATH=/num4_ws/install/imu_filter_madgwick:${AMENT_PREFIX_PATH} CMAKE_PREFIX_PATH=/num4_ws/install/imu_filter_madgwick:${CMAKE_PREFIX_PATH} LD_LIBRARY_PATH=/num4_ws/install/imu_filter_madgwick/lib:/ros2_ws/install/realsense2_camera/lib:/ros2_ws/install/realsense2_camera_msgs/lib:/ros2_ws/install/livox_ros_driver2/lib:/ros2_ws/install/diagnostic_updater/lib:/opt/ros/humble/install/opt/rviz_ogre_vendor/lib:/opt/ros/humble/install/lib:/usr/local/cuda/compat:/usr/local/cuda/lib64 PS1=\[\e[1;35m\]\u@\h:\[\e[1;34m\]\w\[\e[0m\]\$ /usr/local/bin/cmake --build /num4_ws/build/realsense2_bringup -- -j8 -l8
[4.041s] DEBUG:colcon.colcon_core.event_handler.log_command:Invoked command in '/num4_ws/build/realsense2_bringup' returned '0': AMENT_PREFIX_PATH=/num4_ws/install/imu_filter_madgwick:${AMENT_PREFIX_PATH} CMAKE_PREFIX_PATH=/num4_ws/install/imu_filter_madgwick:${CMAKE_PREFIX_PATH} LD_LIBRARY_PATH=/num4_ws/install/imu_filter_madgwick/lib:/ros2_ws/install/realsense2_camera/lib:/ros2_ws/install/realsense2_camera_msgs/lib:/ros2_ws/install/livox_ros_driver2/lib:/ros2_ws/install/diagnostic_updater/lib:/opt/ros/humble/install/opt/rviz_ogre_vendor/lib:/opt/ros/humble/install/lib:/usr/local/cuda/compat:/usr/local/cuda/lib64 PS1=\[\e[1;35m\]\u@\h:\[\e[1;34m\]\w\[\e[0m\]\$ /usr/local/bin/cmake --build /num4_ws/build/realsense2_bringup -- -j8 -l8
[4.126s] Level 1:colcon.colcon_core.environment:checking '/num4_ws/install/pc2image' for CMake module files
[4.126s] Level 1:colcon.colcon_core.environment:checking '/num4_ws/install/pc2image' for CMake config files
[4.127s] DEBUG:colcon.colcon_core.event_handler.log_command:Invoked command in '/num4_ws/src/pc2image' returned '0': PS1=\[\e[1;35m\]\u@\h:\[\e[1;34m\]\w\[\e[0m\]\$ PYTHONPATH=/num4_ws/build/pc2image/prefix_override:/usr/lib/python3/dist-packages/colcon_core/task/python/colcon_distutils_commands:/num4_ws/install/pc2image/lib/python3.10/site-packages:${PYTHONPATH} /usr/bin/python3 -W ignore:setup.py install is deprecated setup.py egg_info --egg-base ../../build/pc2image build --build-base /num4_ws/build/pc2image/build install --record /num4_ws/build/pc2image/install.log --single-version-externally-managed install_data --force
[4.128s] Level 1:colcon.colcon_core.environment:checking '/num4_ws/install/pc2image/lib'
[4.128s] Level 1:colcon.colcon_core.environment:checking '/num4_ws/install/pc2image/bin'
[4.128s] Level 1:colcon.colcon_core.environment:checking '/num4_ws/install/pc2image/lib/pkgconfig/pc2image.pc'
[4.129s] Level 1:colcon.colcon_core.environment:checking '/num4_ws/install/pc2image/lib/python3.10/site-packages'
[4.129s] Level 1:colcon.colcon_core.shell:create_environment_hook('pc2image', 'pythonpath')
[4.129s] INFO:colcon.colcon_core.shell:Creating environment hook '/num4_ws/install/pc2image/share/pc2image/hook/pythonpath.ps1'
[4.131s] INFO:colcon.colcon_core.shell:Creating environment descriptor '/num4_ws/install/pc2image/share/pc2image/hook/pythonpath.dsv'
[4.132s] INFO:colcon.colcon_core.shell:Creating environment hook '/num4_ws/install/pc2image/share/pc2image/hook/pythonpath.sh'
[4.133s] Level 1:colcon.colcon_core.environment:checking '/num4_ws/install/pc2image/bin'
[4.133s] Level 1:colcon.colcon_core.environment:create_environment_scripts_only(pc2image)
[4.134s] INFO:colcon.colcon_core.shell:Creating package script '/num4_ws/install/pc2image/share/pc2image/package.ps1'
[4.135s] INFO:colcon.colcon_core.shell:Creating package descriptor '/num4_ws/install/pc2image/share/pc2image/package.dsv'
[4.136s] INFO:colcon.colcon_core.shell:Creating package script '/num4_ws/install/pc2image/share/pc2image/package.sh'
[4.137s] INFO:colcon.colcon_core.shell:Creating package script '/num4_ws/install/pc2image/share/pc2image/package.bash'
[4.138s] INFO:colcon.colcon_core.shell:Creating package script '/num4_ws/install/pc2image/share/pc2image/package.zsh'
[4.138s] Level 1:colcon.colcon_core.environment:create_file_with_runtime_dependencies(/num4_ws/install/pc2image/share/colcon-core/packages/pc2image)
[4.238s] DEBUG:colcon.colcon_core.event_handler.log_command:Invoking command in '/num4_ws/build/realsense2_bringup': AMENT_PREFIX_PATH=/num4_ws/install/imu_filter_madgwick:${AMENT_PREFIX_PATH} CMAKE_PREFIX_PATH=/num4_ws/install/imu_filter_madgwick:${CMAKE_PREFIX_PATH} LD_LIBRARY_PATH=/num4_ws/install/imu_filter_madgwick/lib:/ros2_ws/install/realsense2_camera/lib:/ros2_ws/install/realsense2_camera_msgs/lib:/ros2_ws/install/livox_ros_driver2/lib:/ros2_ws/install/diagnostic_updater/lib:/opt/ros/humble/install/opt/rviz_ogre_vendor/lib:/opt/ros/humble/install/lib:/usr/local/cuda/compat:/usr/local/cuda/lib64 PS1=\[\e[1;35m\]\u@\h:\[\e[1;34m\]\w\[\e[0m\]\$ /usr/local/bin/cmake --install /num4_ws/build/realsense2_bringup
[4.417s] Level 1:colcon.colcon_core.environment:create_environment_scripts_only(realsense2_bringup)
[4.417s] Level 1:colcon.colcon_core.environment:checking '/num4_ws/install/realsense2_bringup' for CMake module files
[4.418s] DEBUG:colcon.colcon_core.event_handler.log_command:Invoked command in '/num4_ws/build/realsense2_bringup' returned '0': AMENT_PREFIX_PATH=/num4_ws/install/imu_filter_madgwick:${AMENT_PREFIX_PATH} CMAKE_PREFIX_PATH=/num4_ws/install/imu_filter_madgwick:${CMAKE_PREFIX_PATH} LD_LIBRARY_PATH=/num4_ws/install/imu_filter_madgwick/lib:/ros2_ws/install/realsense2_camera/lib:/ros2_ws/install/realsense2_camera_msgs/lib:/ros2_ws/install/livox_ros_driver2/lib:/ros2_ws/install/diagnostic_updater/lib:/opt/ros/humble/install/opt/rviz_ogre_vendor/lib:/opt/ros/humble/install/lib:/usr/local/cuda/compat:/usr/local/cuda/lib64 PS1=\[\e[1;35m\]\u@\h:\[\e[1;34m\]\w\[\e[0m\]\$ /usr/local/bin/cmake --install /num4_ws/build/realsense2_bringup
[4.419s] Level 1:colcon.colcon_core.environment:checking '/num4_ws/install/realsense2_bringup' for CMake config files
[4.419s] Level 1:colcon.colcon_core.shell:create_environment_hook('realsense2_bringup', 'cmake_prefix_path')
[4.420s] INFO:colcon.colcon_core.shell:Creating environment hook '/num4_ws/install/realsense2_bringup/share/realsense2_bringup/hook/cmake_prefix_path.ps1'
[4.421s] INFO:colcon.colcon_core.shell:Creating environment descriptor '/num4_ws/install/realsense2_bringup/share/realsense2_bringup/hook/cmake_prefix_path.dsv'
[4.422s] INFO:colcon.colcon_core.shell:Creating environment hook '/num4_ws/install/realsense2_bringup/share/realsense2_bringup/hook/cmake_prefix_path.sh'
[4.423s] Level 1:colcon.colcon_core.environment:checking '/num4_ws/install/realsense2_bringup/bin'
[4.423s] Level 1:colcon.colcon_core.environment:checking '/num4_ws/install/realsense2_bringup/lib/pkgconfig/realsense2_bringup.pc'
[4.423s] Level 1:colcon.colcon_core.environment:checking '/num4_ws/install/realsense2_bringup/lib/python3.10/site-packages'
[4.423s] Level 1:colcon.colcon_core.environment:checking '/num4_ws/install/realsense2_bringup/bin'
[4.424s] INFO:colcon.colcon_core.shell:Creating package script '/num4_ws/install/realsense2_bringup/share/realsense2_bringup/package.ps1'
[4.425s] INFO:colcon.colcon_core.shell:Creating package descriptor '/num4_ws/install/realsense2_bringup/share/realsense2_bringup/package.dsv'
[4.426s] INFO:colcon.colcon_core.shell:Creating package script '/num4_ws/install/realsense2_bringup/share/realsense2_bringup/package.sh'
[4.426s] INFO:colcon.colcon_core.shell:Creating package script '/num4_ws/install/realsense2_bringup/share/realsense2_bringup/package.bash'
[4.427s] INFO:colcon.colcon_core.shell:Creating package script '/num4_ws/install/realsense2_bringup/share/realsense2_bringup/package.zsh'
[4.428s] Level 1:colcon.colcon_core.environment:create_file_with_runtime_dependencies(/num4_ws/install/realsense2_bringup/share/colcon-core/packages/realsense2_bringup)
[4.616s] Level 1:colcon.colcon_core.environment:create_environment_scripts_only(realsense2_bringup)
[4.617s] Level 1:colcon.colcon_core.environment:checking '/num4_ws/install/realsense2_bringup' for CMake module files
[4.617s] Level 1:colcon.colcon_core.environment:checking '/num4_ws/install/realsense2_bringup' for CMake config files
[4.618s] Level 1:colcon.colcon_core.shell:create_environment_hook('realsense2_bringup', 'cmake_prefix_path')
[4.618s] INFO:colcon.colcon_core.shell:Creating environment hook '/num4_ws/install/realsense2_bringup/share/realsense2_bringup/hook/cmake_prefix_path.ps1'
[4.619s] INFO:colcon.colcon_core.shell:Creating environment descriptor '/num4_ws/install/realsense2_bringup/share/realsense2_bringup/hook/cmake_prefix_path.dsv'
[4.620s] INFO:colcon.colcon_core.shell:Creating environment hook '/num4_ws/install/realsense2_bringup/share/realsense2_bringup/hook/cmake_prefix_path.sh'
[4.621s] Level 1:colcon.colcon_core.environment:checking '/num4_ws/install/realsense2_bringup/bin'
[4.621s] Level 1:colcon.colcon_core.environment:checking '/num4_ws/install/realsense2_bringup/lib/pkgconfig/realsense2_bringup.pc'
[4.621s] Level 1:colcon.colcon_core.environment:checking '/num4_ws/install/realsense2_bringup/lib/python3.10/site-packages'
[4.622s] Level 1:colcon.colcon_core.environment:checking '/num4_ws/install/realsense2_bringup/bin'
[4.622s] INFO:colcon.colcon_core.shell:Creating package script '/num4_ws/install/realsense2_bringup/share/realsense2_bringup/package.ps1'
[4.624s] INFO:colcon.colcon_core.shell:Creating package descriptor '/num4_ws/install/realsense2_bringup/share/realsense2_bringup/package.dsv'
[4.625s] INFO:colcon.colcon_core.shell:Creating package script '/num4_ws/install/realsense2_bringup/share/realsense2_bringup/package.sh'
[4.626s] INFO:colcon.colcon_core.shell:Creating package script '/num4_ws/install/realsense2_bringup/share/realsense2_bringup/package.bash'
[4.627s] INFO:colcon.colcon_core.shell:Creating package script '/num4_ws/install/realsense2_bringup/share/realsense2_bringup/package.zsh'
[4.628s] Level 1:colcon.colcon_core.environment:create_file_with_runtime_dependencies(/num4_ws/install/realsense2_bringup/share/colcon-core/packages/realsense2_bringup)
[4.690s] DEBUG:colcon.colcon_core.event_handler.log_command:Invoked command in '/num4_ws/build/livox_to_pointcloud2' returned '0': PS1=\[\e[1;35m\]\u@\h:\[\e[1;34m\]\w\[\e[0m\]\$ /usr/local/bin/cmake /num4_ws/src/livox_to_pointcloud2 -DBUILD_TESTING=OFF -DCMAKE_INSTALL_PREFIX=/num4_ws/install/livox_to_pointcloud2
[4.693s] DEBUG:colcon.colcon_core.event_handler.log_command:Invoking command in '/num4_ws/build/livox_to_pointcloud2': PS1=\[\e[1;35m\]\u@\h:\[\e[1;34m\]\w\[\e[0m\]\$ /usr/local/bin/cmake --build /num4_ws/build/livox_to_pointcloud2 -- -j8 -l8
[4.836s] DEBUG:colcon.colcon_core.event_handler.log_command:Invoked command in '/num4_ws/build/imu_tools' returned '0': AMENT_PREFIX_PATH=/num4_ws/install/rviz_imu_plugin:/num4_ws/install/imu_filter_madgwick:/num4_ws/install/imu_complementary_filter:${AMENT_PREFIX_PATH} CMAKE_PREFIX_PATH=/num4_ws/install/rviz_imu_plugin:/num4_ws/install/imu_filter_madgwick:/num4_ws/install/imu_complementary_filter:${CMAKE_PREFIX_PATH} LD_LIBRARY_PATH=/num4_ws/install/rviz_imu_plugin/lib:/num4_ws/install/imu_filter_madgwick/lib:/num4_ws/install/imu_complementary_filter/lib:/ros2_ws/install/realsense2_camera/lib:/ros2_ws/install/realsense2_camera_msgs/lib:/ros2_ws/install/livox_ros_driver2/lib:/ros2_ws/install/diagnostic_updater/lib:/opt/ros/humble/install/opt/rviz_ogre_vendor/lib:/opt/ros/humble/install/lib:/usr/local/cuda/compat:/usr/local/cuda/lib64 PS1=\[\e[1;35m\]\u@\h:\[\e[1;34m\]\w\[\e[0m\]\$ /usr/local/bin/cmake /num4_ws/src/imu_tools/imu_tools -DBUILD_TESTING=OFF -DCMAKE_INSTALL_PREFIX=/num4_ws/install/imu_tools
[4.839s] DEBUG:colcon.colcon_core.event_handler.log_command:Invoking command in '/num4_ws/build/imu_tools': AMENT_PREFIX_PATH=/num4_ws/install/rviz_imu_plugin:/num4_ws/install/imu_filter_madgwick:/num4_ws/install/imu_complementary_filter:${AMENT_PREFIX_PATH} CMAKE_PREFIX_PATH=/num4_ws/install/rviz_imu_plugin:/num4_ws/install/imu_filter_madgwick:/num4_ws/install/imu_complementary_filter:${CMAKE_PREFIX_PATH} LD_LIBRARY_PATH=/num4_ws/install/rviz_imu_plugin/lib:/num4_ws/install/imu_filter_madgwick/lib:/num4_ws/install/imu_complementary_filter/lib:/ros2_ws/install/realsense2_camera/lib:/ros2_ws/install/realsense2_camera_msgs/lib:/ros2_ws/install/livox_ros_driver2/lib:/ros2_ws/install/diagnostic_updater/lib:/opt/ros/humble/install/opt/rviz_ogre_vendor/lib:/opt/ros/humble/install/lib:/usr/local/cuda/compat:/usr/local/cuda/lib64 PS1=\[\e[1;35m\]\u@\h:\[\e[1;34m\]\w\[\e[0m\]\$ /usr/local/bin/cmake --build /num4_ws/build/imu_tools -- -j8 -l8
[4.935s] DEBUG:colcon.colcon_core.event_handler.log_command:Invoked command in '/num4_ws/build/livox_to_pointcloud2' returned '0': PS1=\[\e[1;35m\]\u@\h:\[\e[1;34m\]\w\[\e[0m\]\$ /usr/local/bin/cmake --build /num4_ws/build/livox_to_pointcloud2 -- -j8 -l8
[5.008s] DEBUG:colcon.colcon_core.event_handler.log_command:Invoked command in '/num4_ws/build/imu_tools' returned '0': AMENT_PREFIX_PATH=/num4_ws/install/rviz_imu_plugin:/num4_ws/install/imu_filter_madgwick:/num4_ws/install/imu_complementary_filter:${AMENT_PREFIX_PATH} CMAKE_PREFIX_PATH=/num4_ws/install/rviz_imu_plugin:/num4_ws/install/imu_filter_madgwick:/num4_ws/install/imu_complementary_filter:${CMAKE_PREFIX_PATH} LD_LIBRARY_PATH=/num4_ws/install/rviz_imu_plugin/lib:/num4_ws/install/imu_filter_madgwick/lib:/num4_ws/install/imu_complementary_filter/lib:/ros2_ws/install/realsense2_camera/lib:/ros2_ws/install/realsense2_camera_msgs/lib:/ros2_ws/install/livox_ros_driver2/lib:/ros2_ws/install/diagnostic_updater/lib:/opt/ros/humble/install/opt/rviz_ogre_vendor/lib:/opt/ros/humble/install/lib:/usr/local/cuda/compat:/usr/local/cuda/lib64 PS1=\[\e[1;35m\]\u@\h:\[\e[1;34m\]\w\[\e[0m\]\$ /usr/local/bin/cmake --build /num4_ws/build/imu_tools -- -j8 -l8
[5.115s] DEBUG:colcon.colcon_core.event_handler.log_command:Invoking command in '/num4_ws/build/livox_to_pointcloud2': PS1=\[\e[1;35m\]\u@\h:\[\e[1;34m\]\w\[\e[0m\]\$ /usr/local/bin/cmake --install /num4_ws/build/livox_to_pointcloud2
[5.177s] DEBUG:colcon.colcon_core.event_handler.log_command:Invoking command in '/num4_ws/build/imu_tools': AMENT_PREFIX_PATH=/num4_ws/install/rviz_imu_plugin:/num4_ws/install/imu_filter_madgwick:/num4_ws/install/imu_complementary_filter:${AMENT_PREFIX_PATH} CMAKE_PREFIX_PATH=/num4_ws/install/rviz_imu_plugin:/num4_ws/install/imu_filter_madgwick:/num4_ws/install/imu_complementary_filter:${CMAKE_PREFIX_PATH} LD_LIBRARY_PATH=/num4_ws/install/rviz_imu_plugin/lib:/num4_ws/install/imu_filter_madgwick/lib:/num4_ws/install/imu_complementary_filter/lib:/ros2_ws/install/realsense2_camera/lib:/ros2_ws/install/realsense2_camera_msgs/lib:/ros2_ws/install/livox_ros_driver2/lib:/ros2_ws/install/diagnostic_updater/lib:/opt/ros/humble/install/opt/rviz_ogre_vendor/lib:/opt/ros/humble/install/lib:/usr/local/cuda/compat:/usr/local/cuda/lib64 PS1=\[\e[1;35m\]\u@\h:\[\e[1;34m\]\w\[\e[0m\]\$ /usr/local/bin/cmake --install /num4_ws/build/imu_tools
[5.277s] Level 1:colcon.colcon_core.environment:create_environment_scripts_only(livox_to_pointcloud2)
[5.278s] Level 1:colcon.colcon_core.environment:checking '/num4_ws/install/livox_to_pointcloud2' for CMake module files
[5.279s] DEBUG:colcon.colcon_core.event_handler.log_command:Invoked command in '/num4_ws/build/livox_to_pointcloud2' returned '0': PS1=\[\e[1;35m\]\u@\h:\[\e[1;34m\]\w\[\e[0m\]\$ /usr/local/bin/cmake --install /num4_ws/build/livox_to_pointcloud2
[5.280s] Level 1:colcon.colcon_core.environment:checking '/num4_ws/install/livox_to_pointcloud2' for CMake config files
[5.281s] Level 1:colcon.colcon_core.shell:create_environment_hook('livox_to_pointcloud2', 'cmake_prefix_path')
[5.281s] INFO:colcon.colcon_core.shell:Creating environment hook '/num4_ws/install/livox_to_pointcloud2/share/livox_to_pointcloud2/hook/cmake_prefix_path.ps1'
[5.282s] INFO:colcon.colcon_core.shell:Creating environment descriptor '/num4_ws/install/livox_to_pointcloud2/share/livox_to_pointcloud2/hook/cmake_prefix_path.dsv'
[5.283s] INFO:colcon.colcon_core.shell:Creating environment hook '/num4_ws/install/livox_to_pointcloud2/share/livox_to_pointcloud2/hook/cmake_prefix_path.sh'
[5.284s] Level 1:colcon.colcon_core.environment:checking '/num4_ws/install/livox_to_pointcloud2/lib'
[5.284s] Level 1:colcon.colcon_core.shell:create_environment_hook('livox_to_pointcloud2', 'ld_library_path_lib')
[5.284s] INFO:colcon.colcon_core.shell:Creating environment hook '/num4_ws/install/livox_to_pointcloud2/share/livox_to_pointcloud2/hook/ld_library_path_lib.ps1'
[5.285s] INFO:colcon.colcon_core.shell:Creating environment descriptor '/num4_ws/install/livox_to_pointcloud2/share/livox_to_pointcloud2/hook/ld_library_path_lib.dsv'
[5.286s] INFO:colcon.colcon_core.shell:Creating environment hook '/num4_ws/install/livox_to_pointcloud2/share/livox_to_pointcloud2/hook/ld_library_path_lib.sh'
[5.286s] Level 1:colcon.colcon_core.environment:checking '/num4_ws/install/livox_to_pointcloud2/bin'
[5.286s] Level 1:colcon.colcon_core.environment:checking '/num4_ws/install/livox_to_pointcloud2/lib/pkgconfig/livox_to_pointcloud2.pc'
[5.287s] Level 1:colcon.colcon_core.environment:checking '/num4_ws/install/livox_to_pointcloud2/lib/python3.10/site-packages'
[5.287s] Level 1:colcon.colcon_core.environment:checking '/num4_ws/install/livox_to_pointcloud2/bin'
[5.288s] INFO:colcon.colcon_core.shell:Creating package script '/num4_ws/install/livox_to_pointcloud2/share/livox_to_pointcloud2/package.ps1'
[5.289s] INFO:colcon.colcon_core.shell:Creating package descriptor '/num4_ws/install/livox_to_pointcloud2/share/livox_to_pointcloud2/package.dsv'
[5.289s] INFO:colcon.colcon_core.shell:Creating package script '/num4_ws/install/livox_to_pointcloud2/share/livox_to_pointcloud2/package.sh'
[5.290s] INFO:colcon.colcon_core.shell:Creating package script '/num4_ws/install/livox_to_pointcloud2/share/livox_to_pointcloud2/package.bash'
[5.291s] INFO:colcon.colcon_core.shell:Creating package script '/num4_ws/install/livox_to_pointcloud2/share/livox_to_pointcloud2/package.zsh'
[5.292s] Level 1:colcon.colcon_core.environment:create_file_with_runtime_dependencies(/num4_ws/install/livox_to_pointcloud2/share/colcon-core/packages/livox_to_pointcloud2)
[5.324s] Level 1:colcon.colcon_core.environment:create_environment_scripts_only(imu_tools)
[5.325s] Level 1:colcon.colcon_core.environment:checking '/num4_ws/install/imu_tools' for CMake module files
[5.326s] DEBUG:colcon.colcon_core.event_handler.log_command:Invoked command in '/num4_ws/build/imu_tools' returned '0': AMENT_PREFIX_PATH=/num4_ws/install/rviz_imu_plugin:/num4_ws/install/imu_filter_madgwick:/num4_ws/install/imu_complementary_filter:${AMENT_PREFIX_PATH} CMAKE_PREFIX_PATH=/num4_ws/install/rviz_imu_plugin:/num4_ws/install/imu_filter_madgwick:/num4_ws/install/imu_complementary_filter:${CMAKE_PREFIX_PATH} LD_LIBRARY_PATH=/num4_ws/install/rviz_imu_plugin/lib:/num4_ws/install/imu_filter_madgwick/lib:/num4_ws/install/imu_complementary_filter/lib:/ros2_ws/install/realsense2_camera/lib:/ros2_ws/install/realsense2_camera_msgs/lib:/ros2_ws/install/livox_ros_driver2/lib:/ros2_ws/install/diagnostic_updater/lib:/opt/ros/humble/install/opt/rviz_ogre_vendor/lib:/opt/ros/humble/install/lib:/usr/local/cuda/compat:/usr/local/cuda/lib64 PS1=\[\e[1;35m\]\u@\h:\[\e[1;34m\]\w\[\e[0m\]\$ /usr/local/bin/cmake --install /num4_ws/build/imu_tools
[5.326s] Level 1:colcon.colcon_core.environment:checking '/num4_ws/install/imu_tools' for CMake config files
[5.327s] Level 1:colcon.colcon_core.shell:create_environment_hook('imu_tools', 'cmake_prefix_path')
[5.327s] INFO:colcon.colcon_core.shell:Creating environment hook '/num4_ws/install/imu_tools/share/imu_tools/hook/cmake_prefix_path.ps1'
[5.328s] INFO:colcon.colcon_core.shell:Creating environment descriptor '/num4_ws/install/imu_tools/share/imu_tools/hook/cmake_prefix_path.dsv'
[5.329s] INFO:colcon.colcon_core.shell:Creating environment hook '/num4_ws/install/imu_tools/share/imu_tools/hook/cmake_prefix_path.sh'
[5.330s] Level 1:colcon.colcon_core.environment:checking '/num4_ws/install/imu_tools/bin'
[5.330s] Level 1:colcon.colcon_core.environment:checking '/num4_ws/install/imu_tools/lib/pkgconfig/imu_tools.pc'
[5.330s] Level 1:colcon.colcon_core.environment:checking '/num4_ws/install/imu_tools/lib/python3.10/site-packages'
[5.330s] Level 1:colcon.colcon_core.environment:checking '/num4_ws/install/imu_tools/bin'
[5.331s] INFO:colcon.colcon_core.shell:Creating package script '/num4_ws/install/imu_tools/share/imu_tools/package.ps1'
[5.332s] INFO:colcon.colcon_core.shell:Creating package descriptor '/num4_ws/install/imu_tools/share/imu_tools/package.dsv'
[5.333s] INFO:colcon.colcon_core.shell:Creating package script '/num4_ws/install/imu_tools/share/imu_tools/package.sh'
[5.334s] INFO:colcon.colcon_core.shell:Creating package script '/num4_ws/install/imu_tools/share/imu_tools/package.bash'
[5.334s] INFO:colcon.colcon_core.shell:Creating package script '/num4_ws/install/imu_tools/share/imu_tools/package.zsh'
[5.335s] Level 1:colcon.colcon_core.environment:create_file_with_runtime_dependencies(/num4_ws/install/imu_tools/share/colcon-core/packages/imu_tools)
[5.469s] Level 1:colcon.colcon_core.environment:create_environment_scripts_only(livox_to_pointcloud2)
[5.470s] Level 1:colcon.colcon_core.environment:checking '/num4_ws/install/livox_to_pointcloud2' for CMake module files
[5.471s] Level 1:colcon.colcon_core.environment:checking '/num4_ws/install/livox_to_pointcloud2' for CMake config files
[5.471s] Level 1:colcon.colcon_core.shell:create_environment_hook('livox_to_pointcloud2', 'cmake_prefix_path')
[5.472s] INFO:colcon.colcon_core.shell:Creating environment hook '/num4_ws/install/livox_to_pointcloud2/share/livox_to_pointcloud2/hook/cmake_prefix_path.ps1'
[5.473s] INFO:colcon.colcon_core.shell:Creating environment descriptor '/num4_ws/install/livox_to_pointcloud2/share/livox_to_pointcloud2/hook/cmake_prefix_path.dsv'
[5.473s] INFO:colcon.colcon_core.shell:Creating environment hook '/num4_ws/install/livox_to_pointcloud2/share/livox_to_pointcloud2/hook/cmake_prefix_path.sh'
[5.475s] Level 1:colcon.colcon_core.environment:checking '/num4_ws/install/livox_to_pointcloud2/lib'
[5.475s] Level 1:colcon.colcon_core.shell:create_environment_hook('livox_to_pointcloud2', 'ld_library_path_lib')
[5.475s] INFO:colcon.colcon_core.shell:Creating environment hook '/num4_ws/install/livox_to_pointcloud2/share/livox_to_pointcloud2/hook/ld_library_path_lib.ps1'
[5.476s] INFO:colcon.colcon_core.shell:Creating environment descriptor '/num4_ws/install/livox_to_pointcloud2/share/livox_to_pointcloud2/hook/ld_library_path_lib.dsv'
[5.476s] INFO:colcon.colcon_core.shell:Creating environment hook '/num4_ws/install/livox_to_pointcloud2/share/livox_to_pointcloud2/hook/ld_library_path_lib.sh'
[5.477s] Level 1:colcon.colcon_core.environment:checking '/num4_ws/install/livox_to_pointcloud2/bin'
[5.477s] Level 1:colcon.colcon_core.environment:checking '/num4_ws/install/livox_to_pointcloud2/lib/pkgconfig/livox_to_pointcloud2.pc'
[5.478s] Level 1:colcon.colcon_core.environment:checking '/num4_ws/install/livox_to_pointcloud2/lib/python3.10/site-packages'
[5.478s] Level 1:colcon.colcon_core.environment:checking '/num4_ws/install/livox_to_pointcloud2/bin'
[5.479s] INFO:colcon.colcon_core.shell:Creating package script '/num4_ws/install/livox_to_pointcloud2/share/livox_to_pointcloud2/package.ps1'
[5.480s] INFO:colcon.colcon_core.shell:Creating package descriptor '/num4_ws/install/livox_to_pointcloud2/share/livox_to_pointcloud2/package.dsv'
[5.481s] INFO:colcon.colcon_core.shell:Creating package script '/num4_ws/install/livox_to_pointcloud2/share/livox_to_pointcloud2/package.sh'
[5.481s] INFO:colcon.colcon_core.shell:Creating package script '/num4_ws/install/livox_to_pointcloud2/share/livox_to_pointcloud2/package.bash'
[5.482s] INFO:colcon.colcon_core.shell:Creating package script '/num4_ws/install/livox_to_pointcloud2/share/livox_to_pointcloud2/package.zsh'
[5.483s] Level 1:colcon.colcon_core.environment:create_file_with_runtime_dependencies(/num4_ws/install/livox_to_pointcloud2/share/colcon-core/packages/livox_to_pointcloud2)
[5.505s] Level 1:colcon.colcon_core.environment:create_environment_scripts_only(imu_tools)
[5.505s] Level 1:colcon.colcon_core.environment:checking '/num4_ws/install/imu_tools' for CMake module files
[5.506s] Level 1:colcon.colcon_core.environment:checking '/num4_ws/install/imu_tools' for CMake config files
[5.506s] Level 1:colcon.colcon_core.shell:create_environment_hook('imu_tools', 'cmake_prefix_path')
[5.507s] INFO:colcon.colcon_core.shell:Creating environment hook '/num4_ws/install/imu_tools/share/imu_tools/hook/cmake_prefix_path.ps1'
[5.508s] INFO:colcon.colcon_core.shell:Creating environment descriptor '/num4_ws/install/imu_tools/share/imu_tools/hook/cmake_prefix_path.dsv'
[5.508s] INFO:colcon.colcon_core.shell:Creating environment hook '/num4_ws/install/imu_tools/share/imu_tools/hook/cmake_prefix_path.sh'
[5.509s] Level 1:colcon.colcon_core.environment:checking '/num4_ws/install/imu_tools/bin'
[5.509s] Level 1:colcon.colcon_core.environment:checking '/num4_ws/install/imu_tools/lib/pkgconfig/imu_tools.pc'
[5.510s] Level 1:colcon.colcon_core.environment:checking '/num4_ws/install/imu_tools/lib/python3.10/site-packages'
[5.510s] Level 1:colcon.colcon_core.environment:checking '/num4_ws/install/imu_tools/bin'
[5.510s] INFO:colcon.colcon_core.shell:Creating package script '/num4_ws/install/imu_tools/share/imu_tools/package.ps1'
[5.511s] INFO:colcon.colcon_core.shell:Creating package descriptor '/num4_ws/install/imu_tools/share/imu_tools/package.dsv'
[5.512s] INFO:colcon.colcon_core.shell:Creating package script '/num4_ws/install/imu_tools/share/imu_tools/package.sh'
[5.513s] INFO:colcon.colcon_core.shell:Creating package script '/num4_ws/install/imu_tools/share/imu_tools/package.bash'
[5.514s] INFO:colcon.colcon_core.shell:Creating package script '/num4_ws/install/imu_tools/share/imu_tools/package.zsh'
[5.514s] Level 1:colcon.colcon_core.environment:create_file_with_runtime_dependencies(/num4_ws/install/imu_tools/share/colcon-core/packages/imu_tools)
[11.879s] DEBUG:colcon.colcon_core.event_handler.log_command:Invoked command in '/num4_ws/build/rosx_introspection' returned '2': PS1=\[\e[1;35m\]\u@\h:\[\e[1;34m\]\w\[\e[0m\]\$ /usr/local/bin/cmake --build /num4_ws/build/rosx_introspection -- -j8 -l8
[12.113s] Level 1:colcon.colcon_core.environment:create_environment_scripts_only(rosx_introspection)
[12.114s] Level 1:colcon.colcon_core.environment:checking '/num4_ws/install/rosx_introspection' for CMake module files
[12.115s] Level 1:colcon.colcon_core.environment:checking '/num4_ws/install/rosx_introspection' for CMake config files
[12.116s] Level 1:colcon.colcon_core.environment:checking '/num4_ws/install/rosx_introspection/bin'
[12.117s] Level 1:colcon.colcon_core.environment:checking '/num4_ws/install/rosx_introspection/lib/pkgconfig/rosx_introspection.pc'
[12.118s] Level 1:colcon.colcon_core.environment:checking '/num4_ws/install/rosx_introspection/lib/python3.10/site-packages'
[12.118s] Level 1:colcon.colcon_core.environment:checking '/num4_ws/install/rosx_introspection/bin'
[12.119s] INFO:colcon.colcon_core.shell:Creating package script '/num4_ws/install/rosx_introspection/share/rosx_introspection/package.ps1'
[12.121s] INFO:colcon.colcon_core.shell:Creating package descriptor '/num4_ws/install/rosx_introspection/share/rosx_introspection/package.dsv'
[12.123s] INFO:colcon.colcon_core.shell:Creating package script '/num4_ws/install/rosx_introspection/share/rosx_introspection/package.sh'
[12.125s] INFO:colcon.colcon_core.shell:Creating package script '/num4_ws/install/rosx_introspection/share/rosx_introspection/package.bash'
[12.127s] INFO:colcon.colcon_core.shell:Creating package script '/num4_ws/install/rosx_introspection/share/rosx_introspection/package.zsh'
[12.128s] Level 1:colcon.colcon_core.environment:create_file_with_runtime_dependencies(/num4_ws/install/rosx_introspection/share/colcon-core/packages/rosx_introspection)
[12.140s] DEBUG:colcon.colcon_parallel_executor.executor.parallel:closing loop
[12.140s] DEBUG:colcon.colcon_parallel_executor.executor.parallel:loop closed
[12.140s] DEBUG:colcon.colcon_parallel_executor.executor.parallel:run_until_complete finished with '2'
[12.141s] DEBUG:colcon.colcon_core.event_reactor:joining thread
[12.161s] INFO:colcon.colcon_core.plugin_system:Skipping extension 'colcon_notification.desktop_notification.notify_send': Could not find 'notify-send'
[12.162s] INFO:colcon.colcon_core.plugin_system:Skipping extension 'colcon_notification.desktop_notification.terminal_notifier': Not used on non-Darwin systems
[12.162s] INFO:colcon.colcon_core.plugin_system:Skipping extension 'colcon_notification.desktop_notification.win32': Not used on non-Windows systems
[12.162s] INFO:colcon.colcon_notification.desktop_notification:Sending desktop notification using 'notify2'
[12.170s] DEBUG:colcon.colcon_notification.desktop_notification.notify2:Failed to initialize notify2: org.freedesktop.DBus.Error.Spawn.ExecFailed: /usr/bin/dbus-launch terminated abnormally without any error message
[12.170s] DEBUG:colcon.colcon_core.event_reactor:joined thread
[12.172s] INFO:colcon.colcon_core.shell:Creating prefix script '/num4_ws/install/local_setup.ps1'
[12.174s] INFO:colcon.colcon_core.shell:Creating prefix util module '/num4_ws/install/_local_setup_util_ps1.py'
[12.180s] INFO:colcon.colcon_core.shell:Creating prefix chain script '/num4_ws/install/setup.ps1'
[12.185s] INFO:colcon.colcon_core.shell:Creating prefix script '/num4_ws/install/local_setup.sh'
[12.188s] INFO:colcon.colcon_core.shell:Creating prefix util module '/num4_ws/install/_local_setup_util_sh.py'
[12.190s] INFO:colcon.colcon_core.shell:Creating prefix chain script '/num4_ws/install/setup.sh'
[12.195s] INFO:colcon.colcon_core.shell:Creating prefix script '/num4_ws/install/local_setup.bash'
[12.197s] INFO:colcon.colcon_core.shell:Creating prefix chain script '/num4_ws/install/setup.bash'
[12.202s] INFO:colcon.colcon_core.shell:Creating prefix script '/num4_ws/install/local_setup.zsh'
[12.204s] INFO:colcon.colcon_core.shell:Creating prefix chain script '/num4_ws/install/setup.zsh'
